Workbook
Name lista: 'Tulajdonos besorolás opciók'!$B$16:$B$21
Name TermSzem: OFFSET(PÁLYÁZÓ!$N$30,0,0,COUNTA(PÁLYÁZÓ!$N$30:$O$30:'PÁLYÁZÓ'!$N7),1)

Sheet Útmutató
A1: DIMOP Plusz-1.2.6/B-26 5/a. sz. melléklet - Nyilatkozat KKV minősítéshez - komplex A sablon NEM minden fülének kitöltése szükséges! A PÁLYÁZÓ fül kitöltése minden esetben kötelező, az azon jelzettek alapján pedig további lapfülek kitöltése szükséges, mely függ a pályázó vállalkozás kapcsolati hálójától (hány kapcsolódó -, illetve partnervállalkozással rendelkezik).
A6: FIGYELEM! Az 5/a. sz. melléklet - Nyilatkozat KKV minősítéshez - komplex sablon kitöltése abban az esetben szükséges, - ha a pályázó vállalkozás tulajdonosa nem természetes személy, vagy - ha a pályázó vállalkozás tulajdonosa természetes személy, de egyéb más vállalkozásban is van befolyása, vagy - ha a pályázó vállalkozás rendelkezik egyéb más vállakozásban befolyással. Pl. Ha egy Bt. nyújt be támogatási kérelmet, melynek a tulajdonosa egy Kft. Ha a pályázó vállalkozás tulajdonosa egy vagy több természetes személy, azonban a természetes személyeknek van egyéb más vállalkozásban is befolyása. Abban az esetben, ha a fentebbiek nem állnak fenn, akkor a pályázó vállakozás KKV minősítéséhez egy egyszerűsített sablon áll rendelkezésre (5/b. sz. melléklet - Nyilatkozat KKV minősítéshez - egyszerűsített), azt szükséges kitölteni és benyújtani, mely szintén elérhető a palyazat.gov.hu weboldalon. Pl. A pályázó vállalkozás egyéni vállalkozó, akinek egyéb vállalkozásban nincs befolyása. A pályázó vállalkozás Bt., melynek tulajdonosai természetes személyek, akiknek nincs más vállalkozásban befolyása, továbbá a pályázó vállalkozásnak (Bt.-nek) sincs egyéb más vállalkozásban. befolyása
A16: Kitöltési Útmutató A KKV minősítés meghatározása a kis-és középvállalkozásokról, fejlődésük támogatásáról szóló 2004. évi XXXIV. törvény (továbbiakban: KKV tv.) alapján, az abban meghatározott fogalmak, szabályok szerint történik. Felhívjuk a figyelmet, hogy a KKV tv. 19. § 5. pontja értelmében vállalkozásnak minősül: „a gazdasági tevékenységet folytató jogalany, különösen az egyéni vállalkozó, az egyéni cég, a gazdasági társaság, az ügyvédi iroda, a szövetkezet, a vízitársulat, a víziközmű társulat, az erdőbirtokossági társulat, továbbá a mezőgazdasági termeléssel, halgazdálkodással, mezőgazdasági feldolgozással és forgalmazással, erdőgazdálkodással és vadgazdálkodással foglalkozó jogalany és természetes személy, a vagyonkezelő alapítvány, a külföldi vállalkozás magyarországi fióktelepe, az egyházi jogi személy;” Fontos megjegyezni, hogy a KKV tv. nem taxatív módon sorolja fel a vállalkozásokat, hanem példálózó jelleggel kiemeli a gyakori vállalkozásokat, de nem csak kizárólag ezen formák minősülhetnek vállalkozásoknak. A DIMOP Plusz-1.2.6/B-26 kódszámú felhívásra mikro-, és kisvállalkozások nyújthatnak be támogatási kérelmet. Jelen dokumentum célja, hogy ez alapján megállapításra kerüljön a támogatást igénylő vállalkozásról a KKV minősítése. A KKV minősítés elvégzéséhez és a dokumentum megfelelő kitöltéséhez a támogatást igénylő vállalkozásnak szükséges megadnia tulajdonosi adatait, valamint az elmúlt három üzleti évre vonatkozóan (amennyiben releváns) a pénzügyi, létszám adatait, továbbá amennyiben rendelkezik partner-, vagy kapcsolódó vállalkozással, akkor ezen vállalkozások adatait. Ahhoz, hogy egy vállalkozás mikro-, vagy kisvállalkozásnak minősüljön, meg kell felelnie a foglalkoztatotti létszámra vonatkozó kritériumnak. Az éves nettó árbevételre vagy a mérlegfőösszegre vonatkozó küszöbérték közül azonban választhat (amennyiben két pénzügyi adattal rendelkezik), mindkét követelménynek nem kell megfelelnie, vagyis az egyiket túllépheti anélkül, hogy az a KKV státuszát befolyásolná. A KKV kategórián belül mikrovállalkozásnak minősül az a vállalkozás, amelynek - összes foglalkoztatotti létszáma 10 főnél kevesebb, és - éves nettó árbevétele vagy mérlegfőösszege legfeljebb 2 millió eurónak megfelelő forintösszeg. A KKV kategórián belül kisvállalkozásnak minősül az a vállalkozás, amelynek - összes foglalkoztatotti létszáma 50 főnél kevesebb, és - éves nettó árbevétele vagy mérlegfőösszege legfeljebb 10 millió eurónak megfelelő forintösszeg. Tehát mikrovállalkozásnak fog minősülni az a vállalkozás, melynek foglalkoztatotti létszáma 9 fő, éves nettó árbevétele 1,5 millió eurónak megfelelő forintösszeg, de mérlegfőösszege 2,5 millió eurónak megfelelő forintösszeg. A táblázatokban a mérlegfőösszeg, valamint éves nettó árbevétel kapcsán az adatokat forintban kell megadnia, a táblázat automatikusan átszámítja azt euróra, melynek során a Magyar Nemzeti Bank által megállapított, a vállalkozás üzleti évének lezárásakor érvényes deviza középárfolyamot alkalmazzuk. A KKV törvény rögzít egy kétéves szabályt, amely alapján amennyiben egy vállalkozás éves szinten túllépi a meghatározott foglalkoztatotti létszám vagy pénzügyi határértékeket (nettó árbevétel, mérlegfőösszeg), vagy elmarad azoktól, akkor ennek eredményeként csak abban az esetben veszíti el, illetve nyeri el a KKV minősítést, ha két egymást követő beszámolási időszakban túllépi az adott határértékeket vagy elmarad azoktól, ezért szükséges megadni három évre vonatkozóan az adatokat. A KKV besoroláshoz azt is szükséges vizsgálni, hogy a vállalkozásnak van-e olyan kapcsolata, mely miatt a fentebb részletezett kritériumok vizsgálatakor egyéb más vállalkozás adatait is figyelembe szükséges venni (egybe kell számítani). Ahhoz, hogy a vállalkozás esetén a számításba veendő és a küszöbértékekkel összevetendő adatokat megadja, először is meg kell állapítani, hogy a vállalkozás: • önálló vállalkozásnak minősül-e, vagy • rendelkezik-e partnervállalkozással, és/vagy • rendelkezik-e kapcsolódó vállalkozással. A KKV tv. 4. § -a részletezi az önálló vállalkozás, a partnervállalkozás, valamint a kapcsolódó vállalkozás fogalmát. "(3) Kapcsolódó vállalkozások azok, amelyek egymással az alábbiakban felsorolt valamely kapcsolatban állnak: a) egy vállalkozás egy másik vállalkozásban a szavazatok többségével rendelkezik, vagy b) egy vállalkozás egy másik vállalkozásban jogosult arra, hogy a vezető tisztségviselők vagy a felügyelő bizottság tagjai többségét megválassza vagy visszahívja, vagy c) egy vállalkozás egy másik vállalkozás felett a tulajdonosokkal (részvényesekkel) kötött szerződés vagy a létesítő okirat rendelkezése alapján – függetlenül a tulajdoni hányadtól, a szavazati aránytól, a megválasztási és visszahívási jogtól – döntő irányítást, ellenőrzést gyakorol, vagy d) egy vállalkozás egy másik vállalkozásban – más tulajdonosokkal (részvényesekkel) kötött megállapodás alapján – a szavazatok többségét egyedül birtokolja. (4) Kapcsolódó vállalkozásnak minősülnek azok a vállalkozások és a 19. § 1. pontjában meghatározott befektetők is, amelyek egy vagy több másik vállalkozáson keresztül állnak egymással a (3) bekezdésben meghatározott kapcsolatban. (5) Kapcsolódó vállalkozásnak minősülnek továbbá azok a vállalkozások, amelyek egy természetes személy vagy közösen fellépő természetes személyek egy csoportja révén a (3) és (4) bekezdésben meghatározott jellegű kapcsolatban állnak egymással, amennyiben tevékenységüket vagy tevékenységük egy részét az érintett piacon vagy egymással szomszédos piacokon folytatják." "(2) Partnervállalkozások azok a vállalkozások, a) amelyek nem minősülnek kapcsolódó vállalkozásoknak, és b) amelyek között olyan kapcsolat áll fenn, hogy egy vállalkozás kizárólagosan vagy egy vagy több kapcsolódó vállalkozással közösen valamely másik vállalkozás jegyzett tőkéjének vagy a szavazati jogának legalább 25%-ával rendelkezik." A három vállalkozástípus mindegyikére más és más számítást kell alkalmazni, ezek pedig végső soron meghatározzák, hogy a vállalkozás megfelel-e a KKV fogalom meghatározásában megállapított különféle felső határértékeknek. Amennyiben a táblázatban feltüntetésre kerül partner-, kapcsolódó vállalkozás, azzal automatikusan számol a KKV minősítés meghatározásakor, partnervállalkozás esetében az adatok arányos részét, kapcsolódó vállalkozás esetében pedig annak valamennyi adatát figyelembe veszi. A „Nyilatkozat KKV minősítéshez – komplex” dokumentum ’PÁLYÁZÓ’ munkalapjának kitöltése minden esetben kötelező azzal a kitétellel, hogy kizárólag a támogatást igénylő vállalkozás esetében releváns adatok feltüntetése szükséges. Ehhez kérjük, kövesse a munkalapon található segédleteket és információkat, melyek blokkokra és alblokkokra bontva vezetik végig a nyilatkozat kitöltését és segítséget nyújtanak a további munkalapok esetleges kitöltése vonatkozásában is. A ’PÁLYÁZÓ’ munkalap I. blokkjában a támogatást igénylő vállalkozás alap-, és gazdálkodási adatainak feltüntetése szükséges, a blokkhoz tartozó segédletben meghatározottak alapján. Kérjük, kizárólag a vállalkozás saját adatait szerepeltesse, még akkor is, ha összevont, (konszolidált) beszámolójában szerepel más vállalkozás adata; vagy a támogatást igénylő vállalkozás szerepel más vállalkozás összevont (konszolidált) beszámolójában. Amennyiben pedig rendelkezik partner-, és/vagy kapcsolódó vállalkozással, akkor azok adatait a további blokkokban/munkalapokon szükséges feltüntetni vállalkozásonként. A KKV besorolás, valamint az esetleges partner és kapcsolódó vállalkozások meghatározásához a támogatást igénylő vállalkozás tulajdonosi összetételének vizsgálatára is szükség van. A tulajdonosi adatok feltüntetése jelen nyilatkozat ’PÁLYÁZÓ’ munkalap II. blokkjában történik. A II.1. alblokk kitöltése minden esetben kötelező, míg a II.2.-II.6. alblokkok kitöltése csak releváns esetekben szükséges, ezért kérjük, vegye figyelembe, hogy az egyes alblokkok esetében a táblázat kéri-e az adott alblokk kitöltését. Amennyiben igen, úgy az alblokk kitöltése kötelező, az alblokkhoz tartozó segédletekben meghatározottak alapján. Felhívjuk a figyelmet, hogy amennyiben adószámmal rendelkező magánszemély, egyéni vállalkozó köthető a támogatást igénylő vállalkozáshoz, akkor a vizsgálathoz szükséges figyelembe venni a KKV törvény 19. § 5. pontja szerinti, vállalkozásról szóló meghatározást (lásd fentebb), mivel ebben az esetben partner -, vagy kapcsolódó vállalkozásként szükséges feltüntetni. A KKV minősítés során továbbá szükséges a támogatást igénylő vállalkozás más vállalkozás(ok)ban lévő befolyásait vizsgálni, ezért a ’PÁLYÁZÓ’ munkalap III. blokkjának kitöltése minden esetben kötelező. Kérjük, a kitöltéshez vegye figyelembe a blokkhoz tartozó segédletben leírtakat. Fentieken túl, egyes esetekben szükség lehet további munkalapok (’KAPCSOLÓDÓ PIAC’, ’KAPCSOLÓDÓ’, ’PARTNER’, ’KAPCSOLÓDÓ KÉK’, ’PARTNER KÉK’) kitöltésére is. Ezen kitöltési kötelezettségekre minden esetben iránymutatást adnak a táblázat ’PÁLYÁZÓ’ munkalapján látható blokkok/alblokkok megnevezése melletti figyelemfelhívó szövegek, ezért kérjük azok figyelembevételét az adatok kitöltése során. Amennyiben a pályázó vállalkozás tulajdonosi szerkezete alapján rendelkezik kapcsolódó -, vagy partnervállalkozással, akkor a ’PÁLYÁZÓ’ munkalapon az adott táblázat utolsó oszlopában („Vállalkozás adatlapja”) talál soronként egy hivatkozást, melyre kattintva az elnavigálja a megfelelő zöld munkalapra, ahol a szükséges adatokat megadhatja. Amennyiben a pályázó vállalkozás rendelkezik más egyéb vállalkozás(ok)ban befolyással, akkor a KAPCSOLÓDÓ KÉK vagy PARTNER KÉK munkalapokat szükséges kitölteni, a ’PÁLYÁZÓ’ munkalap III. blokkjában a táblázat „Tennivaló” oszlopa jeleníti meg, hogy a táblázat melyik munkalapját szükséges tölteni. Egyes munkalapokon (’KAPCSOLÓDÓ PIAC’, ’KAPCSOLÓDÓ’, ’PARTNER’, ’KAPCSOLÓDÓ KÉK’, ’PARTNER KÉK’) az "F1" cellában található egy hivatkozás "VISSZA A PÁLYÁZÓ FÜLRE", melyre rákattintva a dokumentum legelejére navigál, a 'PÁLYÁZÓ' munkalapra. A 'PÁLYÁZÓ’ munkalap IV. blokkjában láthatóak az összesített adatok, mely alapján a KKV besorolást a táblázat automatikusan elvégzi a megadott üzleti évekre, ezeket az adatokat még tovább szükséges vizsgálni a kétéves szabály figyelembevételével. Amennyiben a pályázó vállalkozás olyan bonyolult kapcsolati hálóval rendelkezik, mely alapján a táblázat nem rendelkezik elegendő számú munkalapfüllel vagy egyéb észrevétele van, akkor azt a kozigprogramok@em.gov.hu e-mail címre jelezze.

Sheet PÁLYÁZÓ
A1: I. BLOKK: PÁLYÁZÓ VÁLLALKOZÁS SAJÁT ADATAI:
A2: I.1. ALBLOKK: PÁLYÁZÓ VÁLLALKOZÁS ALAPADATAI:
B3: Pályázó vállalkozás megnevezése: | D3: Amennyiben a vállalkozás érintett volt átalakulásban, akkor ennek típusát (pl.: beolvadás, kiválás, különválás, összeolvadás, formaváltás) szükséges rögzíteni az "Átalakulás típusa (ha releváns)" mezőben, valamint az "Utolsó átalakulás dátuma (ha releváns)" mezőben megadni annak időpontját. A cégközlönyben közzétett közlemény alapján szükséges az adatokat rögzíteni. Ha több alkalommal volt érintett a vállalkozás átalakulással, akkor a legutolsó átalakulásra vonatkozóan adja meg az adatot. Továbbá, ha jelenleg van folyamatban a vállalkozás átalakulása, akkor kérjük, hogy az erre vonatkozó körülményeket az "Egyéb információ az átalakulásról (ha releváns)" mezőben rögzítse.
B4: Pályázó vállalkozás adószáma:
B5: Vállalkozás alakulásának dátuma:
B6: Vállalkozás bejegyzésének dátuma:
B7: Utolsó átalakulás dátuma (ha releváns):
B8: Átalakulás típusa (ha releváns):
B9: Egyéb információ az átalakulásról (ha releváns):
A11: I.2. ALBLOKK: PÁLYÁZÓ VÁLLALKOZÁS GAZDÁLKODÁSI ADATAI:
B12: Kérjük adja meg az utolsó három lezárt üzleti évre vonatkozóan vállalkozása alábbi adatait. Természetesen, ha vállalkozása még csak egy vagy két lezárt üzleti évvel rendelkezik, csak azokra szolgáltasson adatot, a nem releváns sor üresen hagyandó. Amennyiben a vállalkozása esetén beszámoló közzétételi kötelezettsége áll fenn, az adatokat a https://e-beszamolo.im.gov.hu/oldal/kezdolap oldalról letölthető beszámolóival összhangban adja meg. Amennyiben beszámoló készítésére nem kötelezett a vállalkozás, akkor az adóbevallásban, illetve a nyilvántartásokban (pl. foglalkoztatottak száma) szerepelnek a releváns adatok, ebben az esetben a mérlegfőösszeg nem értelmezhető, ezért nem szükséges kitölteni. Kérjük, a kitöltésnél ügyeljen arra, hogy az e-beszámoló felületen az adatok ezer vagy millió forintban kerülnek feltüntetésre. Továbbá előfordulhat, hogy a beszámoló forinttól eltérő devizában készült. Kérjük, hogy a táblázatban a pontos összeget rögzítse, forintban megadva! Speciális esetek: Előfordulhat, hogy az alábbiak közül valamelyik üzleti év csak tört évként értelmezhető a pályázó vállalkozásnál. Ebben az esetben az árbevétel adatot évesíteni szükséges, a létszám adatot és a mérlegfőösszeget - ha az értelmezhető - azonban nem. Évesített árbevétel = (Tört év árbevétele / a beszámolóban szereplő működési napok száma) × adott év napjainak száma Amennyiben valamely üzleti évre adónem áttérés miatt két beszámoló készült, a következők szerint kell eljárni: az árbevétel adatokat össze kell adni, a két létszám adatból átlagot kell számolni, a mérlegfőösszeg adat esetén pedig az időben frissebb (második) adatot kell feltüntetni. Átlagos létszám = (Első beszámoló létszáma + Második beszámoló létszáma) / 2 N = utolsó lezárt üzleti év, N-1 = utolsó előtti lezárt év, N-2 = utolsó előtti lezárt évet megelőző év.
C13: Üzleti év kezdete | D13: Üzleti év vége | E13: Üzleti évben átlagosan foglalkoztatottak száma (fő) | F13: Éves nettó árbevétel (Ft) | G13: Mérlegfőösszeg (Ft) | N13: Alkalmazott devizaközépárfolyam | O13: Éves nettó árbevétel (euró) | P13: Mérlegfőösszeg (euró)
B14: N | N14: =IF(ISBLANK(D14),"",VLOOKUP(D14,'MNB árfolyam'!$A:$B,2,0)) | O14: =IFERROR(ROUND(F14/N14,0),0) -> 0 | P14: =IFERROR(ROUND(G14/N14,0),0) -> 0
B15: N-1 | N15: =IF(ISBLANK(D15),"",VLOOKUP(D15,'MNB árfolyam'!$A:$B,2,0)) | O15: =IFERROR(ROUND(F15/N15,0),0) -> 0 | P15: =IFERROR(ROUND(G15/N15,0),0) -> 0
B16: N-2 | N16: =IF(ISBLANK(D16),"",VLOOKUP(D16,'MNB árfolyam'!$A:$B,2,0)) | O16: =IFERROR(ROUND(F16/N16,0),0) -> 0 | P16: =IFERROR(ROUND(G16/N16,0),0) -> 0
B18: A KKV tv. szerint a KKV besoroláshoz meg kell állapítani, hogy a vállalkozás önálló, kapcsolódó vagy partner vállalkozásnak számít, melynek fogalmait a KKV tv. 4. §-a részletezi: "(3) Kapcsolódó vállalkozások azok, amelyek egymással az alábbiakban felsorolt valamely kapcsolatban állnak: a) egy vállalkozás egy másik vállalkozásban a szavazatok többségével rendelkezik, vagy b) egy vállalkozás egy másik vállalkozásban jogosult arra, hogy a vezető tisztségviselők vagy a felügyelő bizottság tagjai többségét megválassza vagy visszahívja, vagy c) egy vállalkozás egy másik vállalkozás felett a tulajdonosokkal (részvényesekkel) kötött szerződés vagy a létesítő okirat rendelkezése alapján – függetlenül a tulajdoni hányadtól, a szavazati aránytól, a megválasztási és visszahívási jogtól – döntő irányítást, ellenőrzést gyakorol, vagy d) egy vállalkozás egy másik vállalkozásban – más tulajdonosokkal (részvényesekkel) kötött megállapodás alapján – a szavazatok többségét egyedül birtokolja. (4) Kapcsolódó vállalkozásnak minősülnek azok a vállalkozások és a 19. § 1. pontjában meghatározott befektetők is, amelyek egy vagy több másik vállalkozáson keresztül állnak egymással a (3) bekezdésben meghatározott kapcsolatban. (5) Kapcsolódó vállalkozásnak minősülnek továbbá azok a vállalkozások, amelyek egy természetes személy vagy közösen fellépő természetes személyek egy csoportja révén a (3) és (4) bekezdésben meghatározott jellegű kapcsolatban állnak egymással, amennyiben tevékenységüket vagy tevékenységük egy részét az érintett piacon vagy egymással szomszédos piacokon folytatják." "(2) Partnervállalkozások azok a vállalkozások, a) amelyek nem minősülnek kapcsolódó vállalkozásoknak, és b) amelyek között olyan kapcsolat áll fenn, hogy egy vállalkozás kizárólagosan vagy egy vagy több kapcsolódó vállalkozással közösen valamely másik vállalkozás jegyzett tőkéjének vagy a szavazati jogának legalább 25%-ával rendelkezik." A KKV minősítés során meghatározott módszer szerint össze kell adni a kapcsolódó és/vagy partner vállalkozások adatait is. Látható, hogy a pályázó vállalkozás szempontjából kapcsolódó és/ vagy partner vállalkozási kapcsolat létrejöhet egyrészt a tulajdonosi körből kiindulva (ezt vesszük figyelembe a zöld hátterű blokkok és munkalapok segítségével). Másrészt fennállhat úgy is, hogy a pályázó vállalkozásnak van befolyása (részesedése, szavazati joga) más vállalkozásban (ezt a kék hátterű táblákkal, munkalapokkal vizsgáljuk).
A25: II. BLOKK: PÁLYÁZÓ VÁLLALKOZÁS TULAJDONOSAI, KAPCSOLÓDÓ ÉS PARTNER VÁLLALKOZÁSOK A TULAJDONOSI KÖR ALAPJÁN:
A26: II. 1. ALBLOKK: PÁLYÁZÓ VÁLLALKOZÁS TULAJDONOSAI:
B27: Kérjük, adja meg a pályázó vállalkozás tulajdonosait. A befolyás mértéke oszlopba, amennyiben a tulajdonos tulajdoni hányada és a szavazati joga eltérő mértékű, a magasabbat szükséges megadni. Mivel ezekkel az adatokkal még dolgozni fogunk, a harmadik oszlopban a legördülő listából válassza ki a tulajdonos releváns besorolását is. Besorolás meghatározása: 1. Természetes személy: Azon tulajdonosokat szükséges besorolni ebbe a kategóriába, akik természetes személyek és a KKV törvény alapján nem minősülnek vállalkozásnak. A KKV törvény 19. § 5. pontja határozza meg a vállalkozásokat, ha az adott természetes személy megfelel a fogalomnak, akkor a 2. Természetes személy, aki a KKV törvény szerint vállalkozásnak is minősül besorolást szükséges választani. Tehát például ha a tulajdonos egyben egyéni vállalkozó/mezőgazdasági őstermelő, akkor nem az 1. besorolási kategória választandó, hanem a 2. besorolás. 2. Természetes személy, aki a KKV törvény szerint vállalkozásnak is minősül: Azon tulajdonosokat szükséges ebbe a kategóriába besorolni, akik természetes személyek, azonban a KKV törvény 19. § 5. pontja alapján vállalkozásnak is minősül. Pl: egyéni vállalkozó, mezőgazdasági őstermelő. 3. Vállalkozás: Azon tulajdonosok sorolandóak 3. besorolási kategóriába, akik nem természetes személyek, hanem a támogatást igénylő vállalkozást egy másik vállalkozás tulajdonolja (részben vagy egészben). A vállalkozás fogalmát a KKV törvény 19. § 5. pontja határozza meg. Pl. Kft., Bt., Rt. 4. Befektető: Azon tulajdonosokat szükséges 4. befektető kategóriába rögzíteni, akik a KKV törvény 19. § 1. pontja alapján befektetőnek minősülnek. 5. Fentiekhez nem sorolható állami vagy önkormányzati tulajdonos: Az állami vagy önkormányzati tulajdonosokat szükséges rögzíteni ebbe a kategóriába. Fontos a befektetői besorolást megvizsgálni, mivel lehet, hogy önkormányzati vagy állami tulajdonú a támogatást igénylő, de a KKV törvény értelmében befektetőnek minősül, ebben az esetben a 4. kategóriát szükséges választani. Továbbá felhívjuk a figyelmet, hogy a KKV törvény 3.§ (4) bekezdése alapján nem minősül KKV-nak az a vállalkozás, amelyben az állam vagy az önkormányzat közvetlen vagy közvetett tulajdoni részesedése – tőke vagy szavazati joga alapján – külön-külön vagy együttesen eléri vagy meghaladja a 25%-ot. 6. Egyéb: A fentebbi kategóriák egyikébe sem sorolható egyéb tulajdonosokat szükséges jelölni ezzel a kategóriával. pl. civil szervezetek A Kapcsolat jellege oszlop automatikusan töltődik. Az Ellenőrzés oszlopban megjelenő figyelmeztetéseket kérjük vegye figyelembe. Speciális esetek: Ha a tulajdonosok között van olyan vállalkozás, amely jogosult arra, hogy a vezető tisztségviselők vagy a felügyelő bizottság tagjai többségét megválassza vagy visszahívja, illetve a tulajdonosokkal (részvényesekkel) kötött szerződés vagy a létesítő okirat rendelkezése alapján – függetlenül a tulajdoni hányadtól, a szavazati aránytól, a megválasztási és visszahívási jogtól – döntő irányítást, ellenőrzést gyakorol a KKV törvény alapján kapcsolódó vállalkozásnak minősül. Ezekben az esetekben a befolyás mértéke 50% felettiként szerepeljen a táblázatban.
B28: =IF(SUM(C30:C36)<100%,"A TULAJDONOSOK BEFOLYÁSA EGYÜTTESEN NEM ÉRI EL A MINIMUM 100%-OT. KÉRJÜK ELLENŐRIZZE AZ ADATOKAT!","A TULAJDONOSI BEFOLYÁS MÉRTÉKE MEGFELELŐEN RÖGZÍTETT.") -> A TULAJDONOSOK BEFOLYÁSA EGYÜTTESEN NEM ÉRI EL A MINIMUM 100%-OT. KÉRJÜK ELLENŐRIZZE AZ ADATOKAT!
B29: Tulajdonos | C29: Befolyás mértéke (százalék) | D29: Besorolás | E29: Kapcsolat jellege (automatikus) | F29: Ellenőrzés (automatikus)
E30: =IF(C30<25%,"",IF(AND(OR(D30="3. Vállalkozás",D30="2. Természetes személy, aki a KKV törvény szerint vállalkozásnak is minősül",D30="4. Befektető"),C30>50%),"KAPCSOLÓDÓ VÁLLALKOZÁS",IF(AND(OR(D30="3. Vállalkozás",D30="2. Természetes személy, aki a KKV törvény szerint vállalkozásnak is minősül"),AND(C30>=25%,C30<=50%)),"PARTNER VÁLLALKOZÁS",""))) | F30: =IF(B30="","",IF(AND(B30<>"",OR(C30="",D30="")),"Kérjük adja meg a befolyás mértékét és a besorolást is",IF(AND(D30="5. Fentiekhez nem sorolható állami vagy önkormányzati tulajdonos",C30>=25%)=TRUE,"Nem minősül KKV-nak az a vállalkozás, amelyben az állam vagy az önkormányzat közvetlen vagy közvetett tulajdoni részesedése – tőke vagy szavazati joga alapján – külön-külön vagy együttesen eléri, vagy meghaladja a 25%-ot.","OK"))) | N30: =IF(D30="1. Természetes személy",B30,"") | O30: =IF($E30="PARTNER VÁLLALKOZÁS",COUNTIF($E$30:$E30,"PARTNER VÁLLALKOZÁS"),"")
E31: =IF(C31<25%,"",IF(AND(OR(D31="3. Vállalkozás",D31="2. Természetes személy, aki a KKV törvény szerint vállalkozásnak is minősül",D31="4. Befektető"),C31>50%),"KAPCSOLÓDÓ VÁLLALKOZÁS",IF(AND(OR(D31="3. Vállalkozás",D31="2. Természetes személy, aki a KKV törvény szerint vállalkozásnak is minősül"),AND(C31>=25%,C31<=50%)),"PARTNER VÁLLALKOZÁS",""))) | F31: =IF(B31="","",IF(AND(B31<>"",OR(C31="",D31="")),"Kérjük adja meg a befolyás mértékét és a besorolást is",IF(AND(D31="5. Fentiekhez nem sorolható állami vagy önkormányzati tulajdonos",C31>=25%)=TRUE,"Nem minősül KKV-nak az a vállalkozás, amelyben az állam vagy az önkormányzat közvetlen vagy közvetett tulajdoni részesedése – tőke vagy szavazati joga alapján – külön-külön vagy együttesen eléri, vagy meghaladja a 25%-ot.","OK"))) | N31: =IF(D31="1. Természetes személy",B31,"") | O31: =IF($E31="PARTNER VÁLLALKOZÁS",COUNTIF($E$30:$E31,"PARTNER VÁLLALKOZÁS"),"")
E32: =IF(C32<25%,"",IF(AND(OR(D32="3. Vállalkozás",D32="2. Természetes személy, aki a KKV törvény szerint vállalkozásnak is minősül",D32="4. Befektető"),C32>50%),"KAPCSOLÓDÓ VÁLLALKOZÁS",IF(AND(OR(D32="3. Vállalkozás",D32="2. Természetes személy, aki a KKV törvény szerint vállalkozásnak is minősül"),AND(C32>=25%,C32<=50%)),"PARTNER VÁLLALKOZÁS",""))) | F32: =IF(B32="","",IF(AND(B32<>"",OR(C32="",D32="")),"Kérjük adja meg a befolyás mértékét és a besorolást is",IF(AND(D32="5. Fentiekhez nem sorolható állami vagy önkormányzati tulajdonos",C32>=25%)=TRUE,"Nem minősül KKV-nak az a vállalkozás, amelyben az állam vagy az önkormányzat közvetlen vagy közvetett tulajdoni részesedése – tőke vagy szavazati joga alapján – külön-külön vagy együttesen eléri, vagy meghaladja a 25%-ot.","OK"))) | N32: =IF(D32="1. Természetes személy",B32,"") | O32: =IF($E32="PARTNER VÁLLALKOZÁS",COUNTIF($E$30:$E32,"PARTNER VÁLLALKOZÁS"),"")
E33: =IF(C33<25%,"",IF(AND(OR(D33="3. Vállalkozás",D33="2. Természetes személy, aki a KKV törvény szerint vállalkozásnak is minősül",D33="4. Befektető"),C33>50%),"KAPCSOLÓDÓ VÁLLALKOZÁS",IF(AND(OR(D33="3. Vállalkozás",D33="2. Természetes személy, aki a KKV törvény szerint vállalkozásnak is minősül"),AND(C33>=25%,C33<=50%)),"PARTNER VÁLLALKOZÁS",""))) | F33: =IF(B33="","",IF(AND(B33<>"",OR(C33="",D33="")),"Kérjük adja meg a befolyás mértékét és a besorolást is",IF(AND(D33="5. Fentiekhez nem sorolható állami vagy önkormányzati tulajdonos",C33>=25%)=TRUE,"Nem minősül KKV-nak az a vállalkozás, amelyben az állam vagy az önkormányzat közvetlen vagy közvetett tulajdoni részesedése – tőke vagy szavazati joga alapján – külön-külön vagy együttesen eléri, vagy meghaladja a 25%-ot.","OK"))) | N33: =IF(D33="1. Természetes személy",B33,"") | O33: =IF($E33="PARTNER VÁLLALKOZÁS",COUNTIF($E$30:$E33,"PARTNER VÁLLALKOZÁS"),"")
E34: =IF(C34<25%,"",IF(AND(OR(D34="3. Vállalkozás",D34="2. Természetes személy, aki a KKV törvény szerint vállalkozásnak is minősül",D34="4. Befektető"),C34>50%),"KAPCSOLÓDÓ VÁLLALKOZÁS",IF(AND(OR(D34="3. Vállalkozás",D34="2. Természetes személy, aki a KKV törvény szerint vállalkozásnak is minősül"),AND(C34>=25%,C34<=50%)),"PARTNER VÁLLALKOZÁS",""))) | F34: =IF(B34="","",IF(AND(B34<>"",OR(C34="",D34="")),"Kérjük adja meg a befolyás mértékét és a besorolást is",IF(AND(D34="5. Fentiekhez nem sorolható állami vagy önkormányzati tulajdonos",C34>=25%)=TRUE,"Nem minősül KKV-nak az a vállalkozás, amelyben az állam vagy az önkormányzat közvetlen vagy közvetett tulajdoni részesedése – tőke vagy szavazati joga alapján – külön-külön vagy együttesen eléri, vagy meghaladja a 25%-ot.","OK"))) | N34: =IF(D34="1. Természetes személy",B34,"") | O34: =IF($E34="PARTNER VÁLLALKOZÁS",COUNTIF($E$30:$E34,"PARTNER VÁLLALKOZÁS"),"")
E35: =IF(C35<25%,"",IF(AND(OR(D35="3. Vállalkozás",D35="2. Természetes személy, aki a KKV törvény szerint vállalkozásnak is minősül",D35="4. Befektető"),C35>50%),"KAPCSOLÓDÓ VÁLLALKOZÁS",IF(AND(OR(D35="3. Vállalkozás",D35="2. Természetes személy, aki a KKV törvény szerint vállalkozásnak is minősül"),AND(C35>=25%,C35<=50%)),"PARTNER VÁLLALKOZÁS",""))) | F35: =IF(B35="","",IF(AND(B35<>"",OR(C35="",D35="")),"Kérjük adja meg a befolyás mértékét és a besorolást is",IF(AND(D35="5. Fentiekhez nem sorolható állami vagy önkormányzati tulajdonos",C35>=25%)=TRUE,"Nem minősül KKV-nak az a vállalkozás, amelyben az állam vagy az önkormányzat közvetlen vagy közvetett tulajdoni részesedése – tőke vagy szavazati joga alapján – külön-külön vagy együttesen eléri, vagy meghaladja a 25%-ot.","OK"))) | N35: =IF(D35="1. Természetes személy",B35,"") | O35: =IF($E35="PARTNER VÁLLALKOZÁS",COUNTIF($E$30:$E35,"PARTNER VÁLLALKOZÁS"),"")
E36: =IF(C36<25%,"",IF(AND(OR(D36="3. Vállalkozás",D36="2. Természetes személy, aki a KKV törvény szerint vállalkozásnak is minősül",D36="4. Befektető"),C36>50%),"KAPCSOLÓDÓ VÁLLALKOZÁS",IF(AND(OR(D36="3. Vállalkozás",D36="2. Természetes személy, aki a KKV törvény szerint vállalkozásnak is minősül"),AND(C36>=25%,C36<=50%)),"PARTNER VÁLLALKOZÁS",""))) | F36: =IF(B36="","",IF(AND(B36<>"",OR(C36="",D36="")),"Kérjük adja meg a befolyás mértékét és a besorolást is",IF(AND(D36="5. Fentiekhez nem sorolható állami vagy önkormányzati tulajdonos",C36>=25%)=TRUE,"Nem minősül KKV-nak az a vállalkozás, amelyben az állam vagy az önkormányzat közvetlen vagy közvetett tulajdoni részesedése – tőke vagy szavazati joga alapján – külön-külön vagy együttesen eléri, vagy meghaladja a 25%-ot.","OK"))) | N36: =IF(D36="1. Természetes személy",B36,"") | O36: =IF($E36="PARTNER VÁLLALKOZÁS",COUNTIF($E$30:$E36,"PARTNER VÁLLALKOZÁS"),"")
A38: II.2. ALBLOKK: NYILATKOZAT KÖZELI HOZZÁTARTOZÓKRÓL: | C38: =IF(COUNTIF($D30:$D36,"1. Természetes személy")>1,"KITÖLTENDŐ","NEM RELEVÁNS") -> NEM RELEVÁNS | D38: =IF(COUNTIF($D30:$D36,"1. Természetes személy")>1,"",K38) -> A II. 1. ALBLOKKBAN NEM KERÜLT RÖGZÍTÉSRE TERMÉSZETES SZEMÉLY, VAGY KEVESEBB, MINT KÉT TERMÉSZETES SZEMÉLY KERÜLT RÖGZÍTÉSRE, MINT TULAJDONOS, EZÉRT NEM ÉRTELMEZHETŐ A KÖZELI HOZZÁTARTOZÓI VISZONYRÓL TETT NYILATKOZAT, ÍGY EZ AZ ALBLOKK NEM KITÖLTENDŐ! FOLYTASSA A KITÖLTÉST A II.3. ALBLOKKNÁL! | K38: A II. 1. ALBLOKKBAN NEM KERÜLT RÖGZÍTÉSRE TERMÉSZETES SZEMÉLY, VAGY KEVESEBB, MINT KÉT TERMÉSZETES SZEMÉLY KERÜLT RÖGZÍTÉSRE, MINT TULAJDONOS, EZÉRT NEM ÉRTELMEZHETŐ A KÖZELI HOZZÁTARTOZÓI VISZONYRÓL TETT NYILATKOZAT, ÍGY EZ AZ ALBLOKK NEM KITÖLTENDŐ! FOLYTASSA A KITÖLTÉST A II.3. ALBLOKKNÁL!
B39: A KKV besorolás megállapításakor törvényi előírás szerint természetes személy tulajdonosok esetén figyelembe kell venni, hogy a természetes személyek közeli hozzátartozók-e, mivel a közeli hozzátartozók közvetlen és közvetett tulajdoni részesedését vagy szavazati jogát egybe kell számítani. Közeli hozzátartozó a Ptk. 8:1 § (1) bekezdés 1. pontja alapján a házastárs, az egyeneságbeli rokon (gyermek, unoka, szülő, nagyszülő), az örökbefogadott, a mostoha- és a nevelt gyermek, az örökbefogadó-, a mostoha- és a nevelőszülő és a testvér. Kérjük nyilatkozzon az alábbi legördülő menü segítségével, hogy a fent bemutatott természetes személy tulajdonosok között van-e közeli hozzátartozói kapcsolat, és amennyiben igen, a táblázatban nevesítse ezeket. Csak azokról a természetes személy tulajdonosokról kell nyilatkozni, akik a fenti táblában az 1-es besorolást kaptak, nem kell tehát figyelembe venni a 2-es besorolási kategóriát.
B45: Közeli hozzátartozók 1-es csoport
C46: Befolyás mértéke | D46: Indoklás
C47: =IF(B47="","",VLOOKUP(B47,$B$30:$C$36,2,0))
C48: =IF(B48="","",VLOOKUP(B48,$B$30:$C$36,2,0))
C49: =IF(B49="","",VLOOKUP(B49,$B$30:$C$36,2,0))
C50: =IF(B50="","",VLOOKUP(B50,$B$30:$C$36,2,0))
C51: =IF(B51="","",VLOOKUP(B51,$B$30:$C$36,2,0))
C52: =IF(B52="","",VLOOKUP(B52,$B$30:$C$36,2,0))
C53: =IF(B53="","",VLOOKUP(B53,$B$30:$C$36,2,0))
B54: Befolyás mértéke összesen | C54: =SUM(C47:C53) -> 0
B56: Közeli hozzátartozók 2-es csoport
B57: Személy neve | C57: Befolyás mértéke | D57: Indoklás
C58: =IF(B58="","",VLOOKUP(B58,$B$30:$C$36,2,0))
C59: =IF(B59="","",VLOOKUP(B59,$B$30:$C$36,2,0))
C60: =IF(B60="","",VLOOKUP(B60,$B$30:$C$36,2,0))
C61: =IF(B61="","",VLOOKUP(B61,$B$30:$C$36,2,0))
C62: =IF(B62="","",VLOOKUP(B62,$B$30:$C$36,2,0))
C63: =IF(B63="","",VLOOKUP(B63,$B$30:$C$36,2,0))
C64: =IF(B64="","",VLOOKUP(B64,$B$30:$C$36,2,0))
B65: Befolyás mértéke összesen | C65: =SUM(C58:C64) -> 0
A67: II. 3. ALBLOKK: NYILATKOZAT TERMÉSZETES SZEMÉLYEN KERESZTÜLI KAPCSOLÓDÁSRÓL: | D67: =IF(OR(C54>50%,C65>50%),"KITÖLTENDŐ",IF(AND(C30>50%,D30="1. Természetes személy"),"KITÖLTENDŐ",IF(AND(C31>50%,D31="1. Természetes személy"),"KITÖLTENDŐ",IF(AND(C32>50%,D32="1. Természetes személy"),"KITÖLTENDŐ",IF(AND(C33>50%,D33="1. Természetes személy"),"KITÖLTENDŐ",IF(AND(C34>50%,D34="1. Természetes személy"),"KITÖLTENDŐ",IF(AND(C35>50%,D35="1. Természetes személy"),"KITÖLTENDŐ",IF(AND(C36>50%,D36="1. Természetes személy"),"KITÖLTENDŐ","NEM RELEVÁNS")))))))) -> NEM RELEVÁNS | E67: =IF(OR(C54>50%,C65>50%),"",IF(AND(C30>50%,D30="1. Természetes személy"),"",IF(AND(C31>50%,D31="1. Természetes személy"),"",IF(AND(C32>50%,D32="1. Természetes személy"),"",IF(AND(C33>50%,D33="1. Természetes személy"),"",IF(AND(C34>50%,D34="1. Természetes személy"),"",IF(AND(C35>50%,D35="1. Természetes személy"),"",IF(AND(C36>50%,D36="1. Természetes személy"),"",K67)))))))) -> A II.1. ÉS II.2. ALBLOKKOKBAN NEM ADOTT MEG OLYAN TERMÉSZETES SZEMÉLY TULAJDONOS(OKA)T, AKI(K)NEK ÖNÁLLÓAN VAGY EGYÜTTESEN 50% FELETTI BEFOLYÁSA VAN A PÁLYÁZÓ VÁLLALKOZÁSBAN, EZÉRT EZ AZ ALBLOKK NEM KITÖLTENDŐ! FOLYTASSA A KITÖLTÉST A II.5. ALBLOKKNÁL! | K67: A II.1. ÉS II.2. ALBLOKKOKBAN NEM ADOTT MEG OLYAN TERMÉSZETES SZEMÉLY TULAJDONOS(OKA)T, AKI(K)NEK ÖNÁLLÓAN VAGY EGYÜTTESEN 50% FELETTI BEFOLYÁSA VAN A PÁLYÁZÓ VÁLLALKOZÁSBAN, EZÉRT EZ AZ ALBLOKK NEM KITÖLTENDŐ! FOLYTASSA A KITÖLTÉST A II.5. ALBLOKKNÁL!
B68: A következő nyilatkozat a pályázóra nézve kitöltendő, mivel az előzőekben megadott adatok alapján - a támogatást igénylő vállalkozásnak van olyan természetes személy tulajdonosa, akinek 50% feletti tulajdoni részesedése vagy szavazati joga van ÉS/VAGY - a vállalkozás tulajdonosai között közeli hozzátartozók vannak (pl. házastárs, szülő, gyermek, testvér), akiknek - mivel a befolyását együtt kell számítani - 50% feletti tulajdoni részesedésük vagy szavazati joguk van. Kérjük nyilatkozzanak a legördülő menü segítségével, hogy a támogatást igénylő vállalkozás természetes személy tulajdonosa és/vagy a közeli hozzátartozók együtt rendelkezik-e/rendelkeznek-e 50% feletti befolyással más vállalkozás(ok)ban is.
A73: II. 4. ALBLOKK: NYILATKOZAT VÁLLALKOZÁSOK AZONOS VAGY SZOMSZÉDOS PIACON VALÓ MŰKÖDÉSÉRŐL: | D73: =IF(B71="Igen, van egyéb vállalkozás(ok)ban 50% feletti befolyás.","KITÖLTENDŐ","NEM RELEVÁNS") -> NEM RELEVÁNS | E73: =IF(B71="Igen, van egyéb vállalkozás(ok)ban 50% feletti befolyás.","",K73) -> A II.1. ÉS II.2.ALBLOKKOKBAN NEM ADOTT MEG OLYAN TERMÉSZETES SZEMÉLY TULAJDONOS(OKA)T, AKI(K)NEK ÖNÁLLÓAN VAGY EGYÜTTESEN 50% FELETTI BEFOLYÁSA VAN, VAGY A II.3.ALBLOKKBAN TETT NYILATKOZATA ALAPJÁN NINCS BEFOLYÁSA/BEFOLYÁSUK MÁS VÁLLALKOZÁSBAN 50% FELETT,EZÉRT EZ AZ ALBLOKK NEM KITÖLTENDŐ! FOLYTASSA A KITÖLTÉST A II.5.ALBLOKKNÁL! | K73: A II.1. ÉS II.2.ALBLOKKOKBAN NEM ADOTT MEG OLYAN TERMÉSZETES SZEMÉLY TULAJDONOS(OKA)T, AKI(K)NEK ÖNÁLLÓAN VAGY EGYÜTTESEN 50% FELETTI BEFOLYÁSA VAN, VAGY A II.3.ALBLOKKBAN TETT NYILATKOZATA ALAPJÁN NINCS BEFOLYÁSA/BEFOLYÁSUK MÁS VÁLLALKOZÁSBAN 50% FELETT,EZÉRT EZ AZ ALBLOKK NEM KITÖLTENDŐ! FOLYTASSA A KITÖLTÉST A II.5.ALBLOKKNÁL!
B75: Az előző nyilatkozati pont alapján van egyéb vállalkozás(ok)ban 50 % feletti befolyása a támogatást igénylő vállalkozás természetes személy tulajdonosának és/vagy a közeli hozzátartozóknak együttesen. Ahhoz hogy megállapítható legyen, hogy ezen vállalkozások kapcsolódó vállalkozásoknak minősülnek-e, szükséges nyilatkoznia, hogy a támogatást igénylő vállalkozással azonos vagy szomszédos piacon működik/működnek-e az egyéb vállalkozás(ok). Példa azonos piaci tevékenységre: Az érintett természetes személy(ek)nek két olyan vállalkozása is van, amely ugyanazt a tevékenységet végzi. pl.: redőnyjavítással foglalkozik. Példa szomszédos piacon való tevékenységre: A szomszédos piacok olyan piacok, amelyeken a termékek vagy szolgáltatások egymást kiegészítik, vagy olyan termékskálába tartoznak, amelyet általában ugyanaz a vevőkör, ugyanarra a végső felhasználási célra vásárol rendszeresen. Pl. az egyik vállalkozás autóalkatrészt árusít, a másik pedig autószereléssel foglalkozik. Kérjük nyilatkozzanak a legördülő menü segítségével!
B84: Kérjük adja meg a másik vállalkozás(ok) nevét, illetve adószámát és töltsön ki vállalkozásonként egy-egy zöld színű, KAPCSOLÓDÓ PIAC megnevezésű munkalapot. A befolyás mértékénél a közeli hozzátartozók befolyása együttesen értelmezendő, szükséges összeadni azok mértékét.
B85: Vállalkozás neve | C85: Vállalkozás adószáma | D85: Befolyás mértéke (együttesen) | E85: Vállalkozás adatlapja
E86: Ugrás az adatokhoz
E87: Ugrás az adatokhoz
E88: Ugrás az adatokhoz
E89: Ugrás az adatokhoz
E90: Ugrás az adatokhoz
E91: Ugrás az adatokhoz
A93: II. 5. ALBLOKK: PÁLYÁZÓ VÁLLALKOZÁS KAPCSOLÓDÓ VÁLLALKOZÁSA: | C93: =IF(COUNTIF(E30:E36,"KAPCSOLÓDÓ VÁLLALKOZÁS")>0,"KITÖLTENDŐ","NEM RELEVÁNS") -> NEM RELEVÁNS | D93: =IF(COUNTIF(E30:E36,"KAPCSOLÓDÓ VÁLLALKOZÁS")>0,"",K93) -> A II.1. ALBLOKKBAN MEGADOTT ADATOK ALAPJÁN A PÁLYÁZÓ VÁLLALKOZÁS TULAJDONOSAI KÖZÖTT NINCS OLYAN VÁLLALKOZÁS, MELY 50% FELETTI BEFOLYÁSSAL BÍR (EZÁLTAL NEM KAPCSOLÓDÓ VÁLLALKOZÁS), EZÉRT EZ AZ ALBLOKK NEM KITÖLTENDŐ! FOLYTASSA A KITÖLTÉST A II.6. ALBLOKKNÁL! | K93: A II.1. ALBLOKKBAN MEGADOTT ADATOK ALAPJÁN A PÁLYÁZÓ VÁLLALKOZÁS TULAJDONOSAI KÖZÖTT NINCS OLYAN VÁLLALKOZÁS, MELY 50% FELETTI BEFOLYÁSSAL BÍR (EZÁLTAL NEM KAPCSOLÓDÓ VÁLLALKOZÁS), EZÉRT EZ AZ ALBLOKK NEM KITÖLTENDŐ! FOLYTASSA A KITÖLTÉST A II.6. ALBLOKKNÁL! | N93: =SUM(N97:N97) -> 0 | O93: =SUM(O97:O97) -> 0 | P93: =SUM(P97:P97) -> 0 | Q93: =SUM(Q97:Q97) -> 0 | R93: =SUM(R97:R97) -> 0 | S93: =SUM(S97:S97) -> 0 | T93: =SUM(T97:T97) -> 0 | U93: =SUM(U97:U97) -> 0 | V93: =SUM(V97:V97) -> 0
B94: A fentebb megadott tulajdonosi összetétel alapján a pályázó vállalkozás tulajdonosai között egy kapcsolódó vállalkozás is van. Kérjük, adja meg ennek a vállalkozásnak az adószámát, és a link segítségével töltse fel a KAPCSOLÓDÓ megnevezésű, zöld munkalapot. Felhívjuk a figyelmet, hogy amennyiben a pályázó vállakozás tulajdonsa befektető és 50% feletti befolyással rendelkezik a pályázó vállalkozásban, akkor a 'Kapcsolódó' vállalkozás lapfülön taláható gazdálkodási adatok nem kitöltendőek,mivel a KKV törvény 4.§ (6) bekezdése alapján önálló vállalkozásnak (tehát nem kapcsoldó vállalkozásnak) minősülnek az alábbiak értelmében: "a befektetői sem közvetlenül, sem közvetve nem vesznek részt az irányításban, vagy amelynek a befektetői nem vállalkozásként működnek".
B96: KAPCSOLÓDÓ vállalkozás neve | C96: KAPCSOLÓDÓ vállalkozás adószáma | D96: Vállalkozás adatlapja | N96: N Üzleti évben átlagosan foglalkoztatottak száma (fő) | O96: N üzleti év Éves nettó árbevétel (euró) | P96: N üzleti év Mérlegfőösszeg (euró) | Q96: N-1 Üzleti évben átlagosan foglalkoztatottak száma (fő) | R96: N-1 üzleti év Éves nettó árbevétel (euró) | S96: N-1 üzleti év Mérlegfőösszeg (euró) | T96: N-2 Üzleti évben átlagosan foglalkoztatottak száma (fő) | U96: N-2 üzleti év Éves nettó árbevétel (euró) | V96: N-2 üzleti év Mérlegfőösszeg (euró)
B97: =IF(E30="Kapcsolódó vállalkozás",B30,IF(E31="Kapcsolódó vállalkozás",B31,IF(E32="Kapcsolódó vállalkozás",B32,IF(E33="Kapcsolódó vállalkozás",B33,IF(E34="Kapcsolódó vállalkozás",B34,IF(E35="Kapcsolódó vállalkozás",B35,IF(E36="Kapcsolódó vállalkozás",B36,""))))))) | D97: Ugrás az adatokhoz | N97: =KAPCSOLÓDÓ!B3 -> 0 | O97: =KAPCSOLÓDÓ!C3 -> 0 | P97: =KAPCSOLÓDÓ!D3 -> 0 | Q97: =KAPCSOLÓDÓ!B4 -> 0 | R97: =KAPCSOLÓDÓ!C4 -> 0 | S97: =KAPCSOLÓDÓ!D4 -> 0 | T97: =KAPCSOLÓDÓ!B5 -> 0 | U97: =KAPCSOLÓDÓ!C5 -> 0 | V97: =KAPCSOLÓDÓ!D5 -> 0
A99: II. 6. ALBLOKK: PÁLYÁZÓ VÁLLALKOZÁS PARTNER VÁLLALKOZÁSAI: | C99: =IF(COUNTIF(E30:E36,"PARTNER VÁLLALKOZÁS")>0,"KITÖLTENDŐ","NEM RELEVÁNS") -> NEM RELEVÁNS | D99: =IF(COUNTIF(E30:E36,"PARTNER VÁLLALKOZÁS")>0,"",K99) -> A II.1. ALBLOKKBAN MEGADOTT ADATOK ALAPJÁN A PÁLYÁZÓ VÁLLALKOZÁS TULAJDONOSAI KÖZÖTT NINCS OLYAN VÁLLALKOZÁS, MELY 25%-OT ELÉRŐ, DE 50%-OT NEM MEGHALADÓ BEFOLYÁSSAL BÍR (EZÁLTAL NEM PARTNER VÁLLALKOZÁS), EZÉRT EZ AZ ALBLOKK NEM KITÖLTENDŐ! FOLYTASSA A KITÖLTÉST A III. BLOKKNÁL! | K99: A II.1. ALBLOKKBAN MEGADOTT ADATOK ALAPJÁN A PÁLYÁZÓ VÁLLALKOZÁS TULAJDONOSAI KÖZÖTT NINCS OLYAN VÁLLALKOZÁS, MELY 25%-OT ELÉRŐ, DE 50%-OT NEM MEGHALADÓ BEFOLYÁSSAL BÍR (EZÁLTAL NEM PARTNER VÁLLALKOZÁS), EZÉRT EZ AZ ALBLOKK NEM KITÖLTENDŐ! FOLYTASSA A KITÖLTÉST A III. BLOKKNÁL! | N99: =SUM(N102:N105) -> 0 | O99: =SUM(O102:O105) -> 0 | P99: =SUM(P102:P105) -> 0 | Q99: =SUM(Q102:Q105) -> 0 | R99: =SUM(R102:R105) -> 0 | S99: =SUM(S102:S105) -> 0 | T99: =SUM(T102:T105) -> 0 | U99: =SUM(U102:U105) -> 0 | V99: =SUM(V102:V105) -> 0
B100: A fentebb megadott tulajdonosi összetétel alapján a pályázó vállalkozás tulajdonosai között van PARTNER VÁLLALKOZÁS is, ezeket a táblázatban a Kapcsolat jellege oszlopban jelöltük. Kérjük, hogy soronként adja meg a PARTNER VÁLLALKOZÁSOK mellé az adószámukat. Ezt követően a link segítségével töltse fel Partner vállalkozásonként a kapcsolódó zöld munkalapokat. | N100: ÖSSZESÍTŐ ADATOK N, N-1 ÉS N-2 ÉVEKRE (AUTOMATIKUSAN TÖLTÖTT ADATOK)
B101: PARTNER vállalkozás neve | C101: PARTNER vállalkozás adószáma | D101: Vállalkozás adatlapja | N101: N Üzleti évben átlagosan foglalkoztatottak száma (fő) | O101: N üzleti év Éves nettó árbevétel (euró) | P101: N üzleti év Mérlegfőösszeg (euró) | Q101: N-1 Üzleti évben átlagosan foglalkoztatottak száma (fő) | R101: N-1 üzleti év Éves nettó árbevétel (euró) | S101: N-1 üzleti év Mérlegfőösszeg (euró) | T101: N-2 Üzleti évben átlagosan foglalkoztatottak száma (fő) | U101: N-2 üzleti év Éves nettó árbevétel (euró) | V101: N-2 üzleti év Mérlegfőösszeg (euró)
B102: {=IFERROR(INDEX($B$30:$B$36,SMALL(IF($E$30:$E$36="PARTNER VÁLLALKOZÁS", ROW($B$30:$B$36)-ROW($B$30)+1),ROWS($B$102:B102))),"")} | D102: Ugrás az adatokhoz | N102: =PARTNER1!B3 | O102: =PARTNER1!C3 | P102: =PARTNER1!D3 | Q102: =PARTNER1!B4 | R102: =PARTNER1!C4 | S102: =PARTNER1!D4 | T102: =PARTNER1!B5 | U102: =PARTNER1!C5 | V102: =PARTNER1!D5
B103: {=IFERROR(INDEX($B$30:$B$36,SMALL(IF($E$30:$E$36="PARTNER VÁLLALKOZÁS", ROW($B$30:$B$36)-ROW($B$30)+1),ROWS($B$102:B103))),"")} | D103: Ugrás az adatokhoz
B104: {=IFERROR(INDEX($B$30:$B$36,SMALL(IF($E$30:$E$36="PARTNER VÁLLALKOZÁS", ROW($B$30:$B$36)-ROW($B$30)+1),ROWS($B$102:B104))),"")} | D104: Ugrás az adatokhoz
B105: {=IFERROR(INDEX($B$30:$B$36,SMALL(IF($E$30:$E$36="PARTNER VÁLLALKOZÁS", ROW($B$30:$B$36)-ROW($B$30)+1),ROWS($B$102:B105))),"")} | D105: Ugrás az adatokhoz
A107: III. BLOKK: A PÁLYÁZÓ VÁLLALKOZÁS BEFOLYÁSA MÁS VÁLLALKOZÁSOKBAN:
B109: PÁLYÁZÓ VÁLLALKOZÁS BEFOLYÁSA MÁS VÁLLALKOZÁSOKBAN
B110: A KKV minősítés során nem csak a pályázó vállalkozás tulajdonosait, illetve az azokhoz kapcsolódó vagy partner vállalkozásként kötődő vállalkozásokat vizsgáljuk, hanem azt is, hogy a pályázó vállalkozásnak milyen befolyása van más vállalkozásokban. Kérjük nyilatkozzon arról, hogy a pályázó vállalkozásnak van-e legalább 25%-ot elérő befolyása más vállalkozás(ok)ban akár tulajdoni hányad, akár szavazati jog alapján. Ha nincs 25%-ot elérő befolyása más vállalkozásokban, akkor elegendő az alábbi nyilatkozatot megtennie. Amennyiben a pályázó vállalkozásnak van ilyen jellegű befolyása, kérjük ezt a nyilatkozattal jelezze és az alábbi táblázatba tüntesse fel ezeket a vállalkozásokat. Ha a tulajdoni hányad és a szavazati jog mértéke eltér, a magasabb értéket írja a befolyás mértéke oszlopba. Ha az Ellenőrzés oszlopban figyelmeztetés jelenik meg, kérjük azt figyelmesen olvassa el, és javítsa a feltöltött adatokat. A Tennivaló oszlopban látható, hogy az adott vállalkozásra vonatkozó részletes adatokat melyik munkalapon kell feltüntetni. Kérjük figyeljen arra, hogy ezúttal mindig KÉK színű munkalapokon dolgozzon, ez a munkalap nevében is szerepel. Összesen 10-10 db Kapcsolódó KÉK és Partner KÉK munkafül lap áll rendelkezésre, amennyiben a pályázó vállalkozás ennél több kapcsolódó -, és/vagy partnervállalkozással rendelkezik, akkor új munkalap létrehozása szükséges, melynek érdekében kérjük, hogy a kozigprogramok@em.gov.hu e-mail címre írjon.
B115: Vállalkozás megnevezése | C115: Befolyás mértéke (százalék) | D115: Kapcsolat jellege (automatikus) | E115: Ellenőrzés (automatikus) | G115: Tennivaló | H115: KÉK munkalapon szereplő vállalkozás
D116: =IF(C116="","",IF(C116<25%,"",IF(AND(C116>=25%,C116<=50%),"PARTNER VÁLLALKOZÁS",IF(C116>50%,"KAPCSOLÓDÓ VÁLLALKOZÁS","")))) | E116: =IF(AND(B116="",C116<>""),"Kérjük adja meg a vállalkozás megnevezését is!",IF(AND(B116="",C116=""),"",IF(AND(C116<>"",C116<25%)=TRUE,"Csak a 25%-ot elérő tulajdoni hányaddal vagy szavazati joggal rendelkező tulajdonosokat szükséges feltüntetni.",IF(AND(B116<>"",C116=""),"Kérjük adja meg a befolyás mértékét is!",IF(H116=0,"Kérjük adja meg a vállalkozás nevét a releváns KÉK munkalapon!",IF(B116<>H116,"A releváns KÉK MUNKALAPON nem a megfelelő vállalkozás adatai szerepelnek, kérjük javítsa!","")))))) | G116: =IF(D116="","",IF(D116="partner vállalkozás","Erre a vállalkozásra nézve töltse ki a Partner KÉK "&COUNTIF($D$116:D116,"partner vállalkozás")&" munkalapot",IF(D116="kapcsolódó vállalkozás","Erre a vállalkozásra nézve töltse ki a Kapcsolódó KÉK "& COUNTIF($D$116:D116,"kapcsolódó vállalkozás") & " megnevezésű munkalapot",""))) | H116: =IF(B116="","",VLOOKUP(IF(D116="","",IF(D116="partner vállalkozás","Partner KÉK "&COUNTIF(D$116:$D116,"partner vállalkozás"),IF(D116="kapcsolódó vállalkozás","Kapcsolódó KÉK "& COUNTIF(D$116:$D116,"kapcsolódó vállalkozás"),""))),Segédtábla!A:B,2,0))
D117: =IF(C117="","",IF(C117<25%,"",IF(AND(C117>=25%,C117<=50%),"PARTNER VÁLLALKOZÁS",IF(C117>50%,"KAPCSOLÓDÓ VÁLLALKOZÁS","")))) | E117: =IF(AND(B117="",C117<>""),"Kérjük adja meg a vállalkozás megnevezését is!",IF(AND(B117="",C117=""),"",IF(AND(C117<>"",C117<25%)=TRUE,"Csak a 25%-ot elérő tulajdoni hányaddal vagy szavazati joggal rendelkező tulajdonosokat szükséges feltüntetni.",IF(AND(B117<>"",C117=""),"Kérjük adja meg a befolyás mértékét is!",IF(H117=0,"Kérjük adja meg a vállalkozás nevét a releváns KÉK munkalapon!",IF(B117<>H117,"A releváns KÉK MUNKALAPON nem a megfelelő vállalkozás adatai szerepelnek, kérjük javítsa!","")))))) | G117: =IF(D117="","",IF(D117="partner vállalkozás","Erre a vállalkozásra nézve töltse ki a Partner KÉK "&COUNTIF($D$116:D117,"partner vállalkozás")&" munkalapot",IF(D117="kapcsolódó vállalkozás","Erre a vállalkozásra nézve töltse ki a Kapcsolódó KÉK "& COUNTIF($D$116:D117,"kapcsolódó vállalkozás") & " megnevezésű munkalapot",""))) | H117: =IF(B117="","",VLOOKUP(IF(D117="","",IF(D117="partner vállalkozás","Partner KÉK "&COUNTIF(D$116:$D117,"partner vállalkozás"),IF(D117="kapcsolódó vállalkozás","Kapcsolódó KÉK "& COUNTIF(D$116:$D117,"kapcsolódó vállalkozás"),""))),Segédtábla!A:B,2,0))
D118: =IF(C118="","",IF(C118<25%,"",IF(AND(C118>=25%,C118<=50%),"PARTNER VÁLLALKOZÁS",IF(C118>50%,"KAPCSOLÓDÓ VÁLLALKOZÁS","")))) | E118: =IF(AND(B118="",C118<>""),"Kérjük adja meg a vállalkozás megnevezését is!",IF(AND(B118="",C118=""),"",IF(AND(C118<>"",C118<25%)=TRUE,"Csak a 25%-ot elérő tulajdoni hányaddal vagy szavazati joggal rendelkező tulajdonosokat szükséges feltüntetni.",IF(AND(B118<>"",C118=""),"Kérjük adja meg a befolyás mértékét is!",IF(H118=0,"Kérjük adja meg a vállalkozás nevét a releváns KÉK munkalapon!",IF(B118<>H118,"A releváns KÉK MUNKALAPON nem a megfelelő vállalkozás adatai szerepelnek, kérjük javítsa!","")))))) | G118: =IF(D118="","",IF(D118="partner vállalkozás","Erre a vállalkozásra nézve töltse ki a Partner KÉK "&COUNTIF($D$116:D118,"partner vállalkozás")&" munkalapot",IF(D118="kapcsolódó vállalkozás","Erre a vállalkozásra nézve töltse ki a Kapcsolódó KÉK "& COUNTIF($D$116:D118,"kapcsolódó vállalkozás") & " megnevezésű munkalapot",""))) | H118: =IF(B118="","",VLOOKUP(IF(D118="","",IF(D118="partner vállalkozás","Partner KÉK "&COUNTIF(D$116:$D118,"partner vállalkozás"),IF(D118="kapcsolódó vállalkozás","Kapcsolódó KÉK "& COUNTIF(D$116:$D118,"kapcsolódó vállalkozás"),""))),Segédtábla!A:B,2,0))
D119: =IF(C119="","",IF(C119<25%,"",IF(AND(C119>=25%,C119<=50%),"PARTNER VÁLLALKOZÁS",IF(C119>50%,"KAPCSOLÓDÓ VÁLLALKOZÁS","")))) | E119: =IF(AND(B119="",C119<>""),"Kérjük adja meg a vállalkozás megnevezését is!",IF(AND(B119="",C119=""),"",IF(AND(C119<>"",C119<25%)=TRUE,"Csak a 25%-ot elérő tulajdoni hányaddal vagy szavazati joggal rendelkező tulajdonosokat szükséges feltüntetni.",IF(AND(B119<>"",C119=""),"Kérjük adja meg a befolyás mértékét is!",IF(H119=0,"Kérjük adja meg a vállalkozás nevét a releváns KÉK munkalapon!",IF(B119<>H119,"A releváns KÉK MUNKALAPON nem a megfelelő vállalkozás adatai szerepelnek, kérjük javítsa!","")))))) | G119: =IF(D119="","",IF(D119="partner vállalkozás","Erre a vállalkozásra nézve töltse ki a Partner KÉK "&COUNTIF($D$116:D119,"partner vállalkozás")&" munkalapot",IF(D119="kapcsolódó vállalkozás","Erre a vállalkozásra nézve töltse ki a Kapcsolódó KÉK "& COUNTIF($D$116:D119,"kapcsolódó vállalkozás") & " megnevezésű munkalapot",""))) | H119: =IF(B119="","",VLOOKUP(IF(D119="","",IF(D119="partner vállalkozás","Partner KÉK "&COUNTIF(D$116:$D119,"partner vállalkozás"),IF(D119="kapcsolódó vállalkozás","Kapcsolódó KÉK "& COUNTIF(D$116:$D119,"kapcsolódó vállalkozás"),""))),Segédtábla!A:B,2,0))
D120: =IF(C120="","",IF(C120<25%,"",IF(AND(C120>=25%,C120<=50%),"PARTNER VÁLLALKOZÁS",IF(C120>50%,"KAPCSOLÓDÓ VÁLLALKOZÁS","")))) | E120: =IF(AND(B120="",C120<>""),"Kérjük adja meg a vállalkozás megnevezését is!",IF(AND(B120="",C120=""),"",IF(AND(C120<>"",C120<25%)=TRUE,"Csak a 25%-ot elérő tulajdoni hányaddal vagy szavazati joggal rendelkező tulajdonosokat szükséges feltüntetni.",IF(AND(B120<>"",C120=""),"Kérjük adja meg a befolyás mértékét is!",IF(H120=0,"Kérjük adja meg a vállalkozás nevét a releváns KÉK munkalapon!",IF(B120<>H120,"A releváns KÉK MUNKALAPON nem a megfelelő vállalkozás adatai szerepelnek, kérjük javítsa!","")))))) | G120: =IF(D120="","",IF(D120="partner vállalkozás","Erre a vállalkozásra nézve töltse ki a Partner KÉK "&COUNTIF($D$116:D120,"partner vállalkozás")&" munkalapot",IF(D120="kapcsolódó vállalkozás","Erre a vállalkozásra nézve töltse ki a Kapcsolódó KÉK "& COUNTIF($D$116:D120,"kapcsolódó vállalkozás") & " megnevezésű munkalapot",""))) | H120: =IF(B120="","",VLOOKUP(IF(D120="","",IF(D120="partner vállalkozás","Partner KÉK "&COUNTIF(D$116:$D120,"partner vállalkozás"),IF(D120="kapcsolódó vállalkozás","Kapcsolódó KÉK "& COUNTIF(D$116:$D120,"kapcsolódó vállalkozás"),""))),Segédtábla!A:B,2,0))
D121: =IF(C121="","",IF(C121<25%,"",IF(AND(C121>=25%,C121<=50%),"PARTNER VÁLLALKOZÁS",IF(C121>50%,"KAPCSOLÓDÓ VÁLLALKOZÁS","")))) | E121: =IF(AND(B121="",C121<>""),"Kérjük adja meg a vállalkozás megnevezését is!",IF(AND(B121="",C121=""),"",IF(AND(C121<>"",C121<25%)=TRUE,"Csak a 25%-ot elérő tulajdoni hányaddal vagy szavazati joggal rendelkező tulajdonosokat szükséges feltüntetni.",IF(AND(B121<>"",C121=""),"Kérjük adja meg a befolyás mértékét is!",IF(H121=0,"Kérjük adja meg a vállalkozás nevét a releváns KÉK munkalapon!",IF(B121<>H121,"A releváns KÉK MUNKALAPON nem a megfelelő vállalkozás adatai szerepelnek, kérjük javítsa!","")))))) | G121: =IF(D121="","",IF(D121="partner vállalkozás","Erre a vállalkozásra nézve töltse ki a Partner KÉK "&COUNTIF($D$116:D121,"partner vállalkozás")&" munkalapot",IF(D121="kapcsolódó vállalkozás","Erre a vállalkozásra nézve töltse ki a Kapcsolódó KÉK "& COUNTIF($D$116:D121,"kapcsolódó vállalkozás") & " megnevezésű munkalapot",""))) | H121: =IF(B121="","",VLOOKUP(IF(D121="","",IF(D121="partner vállalkozás","Partner KÉK "&COUNTIF(D$116:$D121,"partner vállalkozás"),IF(D121="kapcsolódó vállalkozás","Kapcsolódó KÉK "& COUNTIF(D$116:$D121,"kapcsolódó vállalkozás"),""))),Segédtábla!A:B,2,0))
D122: =IF(C122="","",IF(C122<25%,"",IF(AND(C122>=25%,C122<=50%),"PARTNER VÁLLALKOZÁS",IF(C122>50%,"KAPCSOLÓDÓ VÁLLALKOZÁS","")))) | E122: =IF(AND(B122="",C122<>""),"Kérjük adja meg a vállalkozás megnevezését is!",IF(AND(B122="",C122=""),"",IF(AND(C122<>"",C122<25%)=TRUE,"Csak a 25%-ot elérő tulajdoni hányaddal vagy szavazati joggal rendelkező tulajdonosokat szükséges feltüntetni.",IF(AND(B122<>"",C122=""),"Kérjük adja meg a befolyás mértékét is!",IF(H122=0,"Kérjük adja meg a vállalkozás nevét a releváns KÉK munkalapon!",IF(B122<>H122,"A releváns KÉK MUNKALAPON nem a megfelelő vállalkozás adatai szerepelnek, kérjük javítsa!","")))))) | G122: =IF(D122="","",IF(D122="partner vállalkozás","Erre a vállalkozásra nézve töltse ki a Partner KÉK "&COUNTIF($D$116:D122,"partner vállalkozás")&" munkalapot",IF(D122="kapcsolódó vállalkozás","Erre a vállalkozásra nézve töltse ki a Kapcsolódó KÉK "& COUNTIF($D$116:D122,"kapcsolódó vállalkozás") & " megnevezésű munkalapot",""))) | H122: =IF(B122="","",VLOOKUP(IF(D122="","",IF(D122="partner vállalkozás","Partner KÉK "&COUNTIF(D$116:$D122,"partner vállalkozás"),IF(D122="kapcsolódó vállalkozás","Kapcsolódó KÉK "& COUNTIF(D$116:$D122,"kapcsolódó vállalkozás"),""))),Segédtábla!A:B,2,0))
D123: =IF(C123="","",IF(C123<25%,"",IF(AND(C123>=25%,C123<=50%),"PARTNER VÁLLALKOZÁS",IF(C123>50%,"KAPCSOLÓDÓ VÁLLALKOZÁS","")))) | E123: =IF(AND(B123="",C123<>""),"Kérjük adja meg a vállalkozás megnevezését is!",IF(AND(B123="",C123=""),"",IF(AND(C123<>"",C123<25%)=TRUE,"Csak a 25%-ot elérő tulajdoni hányaddal vagy szavazati joggal rendelkező tulajdonosokat szükséges feltüntetni.",IF(AND(B123<>"",C123=""),"Kérjük adja meg a befolyás mértékét is!",IF(H123=0,"Kérjük adja meg a vállalkozás nevét a releváns KÉK munkalapon!",IF(B123<>H123,"A releváns KÉK MUNKALAPON nem a megfelelő vállalkozás adatai szerepelnek, kérjük javítsa!","")))))) | G123: =IF(D123="","",IF(D123="partner vállalkozás","Erre a vállalkozásra nézve töltse ki a Partner KÉK "&COUNTIF($D$116:D123,"partner vállalkozás")&" munkalapot",IF(D123="kapcsolódó vállalkozás","Erre a vállalkozásra nézve töltse ki a Kapcsolódó KÉK "& COUNTIF($D$116:D123,"kapcsolódó vállalkozás") & " megnevezésű munkalapot",""))) | H123: =IF(B123="","",VLOOKUP(IF(D123="","",IF(D123="partner vállalkozás","Partner KÉK "&COUNTIF(D$116:$D123,"partner vállalkozás"),IF(D123="kapcsolódó vállalkozás","Kapcsolódó KÉK "& COUNTIF(D$116:$D123,"kapcsolódó vállalkozás"),""))),Segédtábla!A:B,2,0))
D124: =IF(C124="","",IF(C124<25%,"",IF(AND(C124>=25%,C124<=50%),"PARTNER VÁLLALKOZÁS",IF(C124>50%,"KAPCSOLÓDÓ VÁLLALKOZÁS","")))) | E124: =IF(AND(B124="",C124<>""),"Kérjük adja meg a vállalkozás megnevezését is!",IF(AND(B124="",C124=""),"",IF(AND(C124<>"",C124<25%)=TRUE,"Csak a 25%-ot elérő tulajdoni hányaddal vagy szavazati joggal rendelkező tulajdonosokat szükséges feltüntetni.",IF(AND(B124<>"",C124=""),"Kérjük adja meg a befolyás mértékét is!",IF(H124=0,"Kérjük adja meg a vállalkozás nevét a releváns KÉK munkalapon!",IF(B124<>H124,"A releváns KÉK MUNKALAPON nem a megfelelő vállalkozás adatai szerepelnek, kérjük javítsa!","")))))) | G124: =IF(D124="","",IF(D124="partner vállalkozás","Erre a vállalkozásra nézve töltse ki a Partner KÉK "&COUNTIF($D$116:D124,"partner vállalkozás")&" munkalapot",IF(D124="kapcsolódó vállalkozás","Erre a vállalkozásra nézve töltse ki a Kapcsolódó KÉK "& COUNTIF($D$116:D124,"kapcsolódó vállalkozás") & " megnevezésű munkalapot",""))) | H124: =IF(B124="","",VLOOKUP(IF(D124="","",IF(D124="partner vállalkozás","Partner KÉK "&COUNTIF(D$116:$D124,"partner vállalkozás"),IF(D124="kapcsolódó vállalkozás","Kapcsolódó KÉK "& COUNTIF(D$116:$D124,"kapcsolódó vállalkozás"),""))),Segédtábla!A:B,2,0))
D125: =IF(C125="","",IF(C125<25%,"",IF(AND(C125>=25%,C125<=50%),"PARTNER VÁLLALKOZÁS",IF(C125>50%,"KAPCSOLÓDÓ VÁLLALKOZÁS","")))) | E125: =IF(AND(B125="",C125<>""),"Kérjük adja meg a vállalkozás megnevezését is!",IF(AND(B125="",C125=""),"",IF(AND(C125<>"",C125<25%)=TRUE,"Csak a 25%-ot elérő tulajdoni hányaddal vagy szavazati joggal rendelkező tulajdonosokat szükséges feltüntetni.",IF(AND(B125<>"",C125=""),"Kérjük adja meg a befolyás mértékét is!",IF(H125=0,"Kérjük adja meg a vállalkozás nevét a releváns KÉK munkalapon!",IF(B125<>H125,"A releváns KÉK MUNKALAPON nem a megfelelő vállalkozás adatai szerepelnek, kérjük javítsa!","")))))) | G125: =IF(D125="","",IF(D125="partner vállalkozás","Erre a vállalkozásra nézve töltse ki a Partner KÉK "&COUNTIF($D$116:D125,"partner vállalkozás")&" munkalapot",IF(D125="kapcsolódó vállalkozás","Erre a vállalkozásra nézve töltse ki a Kapcsolódó KÉK "& COUNTIF($D$116:D125,"kapcsolódó vállalkozás") & " megnevezésű munkalapot",""))) | H125: =IF(B125="","",VLOOKUP(IF(D125="","",IF(D125="partner vállalkozás","Partner KÉK "&COUNTIF(D$116:$D125,"partner vállalkozás"),IF(D125="kapcsolódó vállalkozás","Kapcsolódó KÉK "& COUNTIF(D$116:$D125,"kapcsolódó vállalkozás"),""))),Segédtábla!A:B,2,0))
D126: =IF(C126="","",IF(C126<25%,"",IF(AND(C126>=25%,C126<=50%),"PARTNER VÁLLALKOZÁS",IF(C126>50%,"KAPCSOLÓDÓ VÁLLALKOZÁS","")))) | E126: =IF(AND(B126="",C126<>""),"Kérjük adja meg a vállalkozás megnevezését is!",IF(AND(B126="",C126=""),"",IF(AND(C126<>"",C126<25%)=TRUE,"Csak a 25%-ot elérő tulajdoni hányaddal vagy szavazati joggal rendelkező tulajdonosokat szükséges feltüntetni.",IF(AND(B126<>"",C126=""),"Kérjük adja meg a befolyás mértékét is!",IF(H126=0,"Kérjük adja meg a vállalkozás nevét a releváns KÉK munkalapon!",IF(B126<>H126,"A releváns KÉK MUNKALAPON nem a megfelelő vállalkozás adatai szerepelnek, kérjük javítsa!","")))))) | G126: =IF(D126="","",IF(D126="partner vállalkozás","Erre a vállalkozásra nézve töltse ki a Partner KÉK "&COUNTIF($D$116:D126,"partner vállalkozás")&" munkalapot",IF(D126="kapcsolódó vállalkozás","Erre a vállalkozásra nézve töltse ki a Kapcsolódó KÉK "& COUNTIF($D$116:D126,"kapcsolódó vállalkozás") & " megnevezésű munkalapot",""))) | H126: =IF(B126="","",VLOOKUP(IF(D126="","",IF(D126="partner vállalkozás","Partner KÉK "&COUNTIF(D$116:$D126,"partner vállalkozás"),IF(D126="kapcsolódó vállalkozás","Kapcsolódó KÉK "& COUNTIF(D$116:$D126,"kapcsolódó vállalkozás"),""))),Segédtábla!A:B,2,0))
D127: =IF(C127="","",IF(C127<25%,"",IF(AND(C127>=25%,C127<=50%),"PARTNER VÁLLALKOZÁS",IF(C127>50%,"KAPCSOLÓDÓ VÁLLALKOZÁS","")))) | E127: =IF(AND(B127="",C127<>""),"Kérjük adja meg a vállalkozás megnevezését is!",IF(AND(B127="",C127=""),"",IF(AND(C127<>"",C127<25%)=TRUE,"Csak a 25%-ot elérő tulajdoni hányaddal vagy szavazati joggal rendelkező tulajdonosokat szükséges feltüntetni.",IF(AND(B127<>"",C127=""),"Kérjük adja meg a befolyás mértékét is!",IF(H127=0,"Kérjük adja meg a vállalkozás nevét a releváns KÉK munkalapon!",IF(B127<>H127,"A releváns KÉK MUNKALAPON nem a megfelelő vállalkozás adatai szerepelnek, kérjük javítsa!","")))))) | G127: =IF(D127="","",IF(D127="partner vállalkozás","Erre a vállalkozásra nézve töltse ki a Partner KÉK "&COUNTIF($D$116:D127,"partner vállalkozás")&" munkalapot",IF(D127="kapcsolódó vállalkozás","Erre a vállalkozásra nézve töltse ki a Kapcsolódó KÉK "& COUNTIF($D$116:D127,"kapcsolódó vállalkozás") & " megnevezésű munkalapot",""))) | H127: =IF(B127="","",VLOOKUP(IF(D127="","",IF(D127="partner vállalkozás","Partner KÉK "&COUNTIF(D$116:$D127,"partner vállalkozás"),IF(D127="kapcsolódó vállalkozás","Kapcsolódó KÉK "& COUNTIF(D$116:$D127,"kapcsolódó vállalkozás"),""))),Segédtábla!A:B,2,0))
... D135: =IF(C135="","",IF(C135<25%,"",IF(AND(C135>=25%,C135<=50%),"PARTNER VÁLLALKOZÁS",IF(C135>50%,"KAPCSOLÓDÓ VÁLLALKOZÁS","")))) | E135: =IF(AND(B135="",C135<>""),"Kérjük adja meg a vállalkozás megnevezését is!",IF(AND(B135="",C135=""),"",IF(AND(C135<>"",C135<25%)=TRUE,"Csak a 25%-ot elérő tulajdoni hányaddal vagy szavazati joggal rendelkező tulajdonosokat szükséges feltüntetni.",IF(AND(B135<>"",C135=""),"Kérjük adja meg a befolyás mértékét is!",IF(H135=0,"Kérjük adja meg a vállalkozás nevét a releváns KÉK munkalapon!",IF(B135<>H135,"A releváns KÉK MUNKALAPON nem a megfelelő vállalkozás adatai szerepelnek, kérjük javítsa!","")))))) | G135: =IF(D135="","",IF(D135="partner vállalkozás","Erre a vállalkozásra nézve töltse ki a Partner KÉK "&COUNTIF($D$116:D135,"partner vállalkozás")&" munkalapot",IF(D135="kapcsolódó vállalkozás","Erre a vállalkozásra nézve töltse ki a Kapcsolódó KÉK "& COUNTIF($D$116:D135,"kapcsolódó vállalkozás") & " megnevezésű munkalapot",""))) | H135: =IF(B135="","",VLOOKUP(IF(D135="","",IF(D135="partner vállalkozás","Partner KÉK "&COUNTIF(D$116:$D135,"partner vállalkozás"),IF(D135="kapcsolódó vállalkozás","Kapcsolódó KÉK "& COUNTIF(D$116:$D135,"kapcsolódó vállalkozás"),""))),Segédtábla!A:B,2,0))
B137: ÖSSZESÍTÉS
B138: Kapcsolódó vállalkozás | C138: =COUNTIF($D$116:$D$135,"Kapcsolódó Vállalkozás") -> 0
B139: Partner vállalkozás | C139: =COUNTIF($D$116:$D$135,"Partner Vállalkozás") -> 0
A141: IV. BLOKK: AGGREGÁLT ADATOK (EURO) --AUTOMATIKUSAN TÖLTŐDIK--:
C143: Üzleti év kezdete | D143: Üzleti év vége | E143: Üzleti évben átlagosan foglalkoztatottak száma (fő) | F143: Éves nettó árbevétel (Euró) | G143: Mérlegfőösszeg (Euró) | H143: BESOROLÁS
B144: N | C144: =IF(C14="","",C14) | D144: =IF(D14="","",D14) | E144: =IF(E14="","",E14+Segédtábla!C1+Segédtábla!C24) | F144: =IF(F14="","",O14+Segédtábla!D1+Segédtábla!D24) | G144: =IF(G14="","",P14+Segédtábla!E1+Segédtábla!E24) | H144: =IF(OR(C144="",D144="",E144="",F144=""),"",IF(AND(E144<10,OR(F144<=2000000,G144<=2000000)),"MIKRÓ",IF(AND(E144<50,OR(F144<=10000000,G144<=10000000)),"KIS",IF(AND(E144<250,OR(F144<=50000000,G144<=50000000)),"KÖZÉP","NAGY"))))
B145: N-1 | C145: =IF(C15="","",C15) | D145: =IF(D15="","",D15) | E145: =IF(E15="","",E15+Segédtábla!F1+Segédtábla!F24) | F145: =IF(F15="","",O15+Segédtábla!G1+Segédtábla!G24) | G145: =IF(G15="","",P15+Segédtábla!H1+Segédtábla!H24) | H145: =IF(OR(C145="",D145="",E145="",F145=""),"",IF(AND(E145<10,OR(F145<=2000000,G145<=2000000)),"MIKRÓ",IF(AND(E145<50,OR(F145<=10000000,G145<=10000000)),"KIS",IF(AND(E145<250,OR(F145<=50000000,G145<=50000000)),"KÖZÉP","NAGY"))))
B146: N-2 | C146: =IF(C16="","",C16) | D146: =IF(D16="","",D16) | E146: =IF(E16="","",E16+Segédtábla!I1+Segédtábla!I24) | F146: =IF(F16="","",O16+Segédtábla!J1+Segédtábla!J24) | G146: =IF(G15="","",P16+Segédtábla!K1+Segédtábla!K24) | H146: =IF(OR(C146="",D146="",E146="",F146=""),"",IF(AND(E146<10,OR(F146<=2000000,G146<=2000000)),"MIKRÓ",IF(AND(E146<50,OR(F146<=10000000,G146<=10000000)),"KIS",IF(AND(E146<250,OR(F146<=50000000,G146<=50000000)),"KÖZÉP","NAGY"))))
B148: Küszöbértékek | C148: Összes foglalkoztatotti létszám | D148: Éves nettó árbevétel (Euró) | E148: Mérlegfőösszeg (Euró)
B149: Középvállalkozás | C149: < 250 fő | D149: ≤ 50 000 000 | E149: ≤ 43 000 000
...

Sheet Segédtábla
C1: =SUM(C3:C22) -> 0 | D1: =SUM(D3:D22) -> 0 | E1: =SUM(E3:E22) -> 0 | F1: =SUM(F3:F22) -> 0 | G1: =SUM(G3:G22) -> 0 | H1: =SUM(H3:H22) -> 0 | I1: =SUM(I3:I22) -> 0 | J1: =SUM(J3:J22) -> 0 | K1: =SUM(K3:K22) -> 0
A2: KÉK tábla | B2: Vállalkozás neve | C2: N foglalkoztatottak száma (fő) | D2: N Éves nettó árbevétel (euró) | E2: N Mérlegfőösszeg (euró) | F2: N-1 foglalkoztatottak száma (fő) | G2: N-1 Éves nettó árbevétel (euró) | H2: N-1 Mérlegfőösszeg (euró) | I2: N-2 foglalkoztatottak száma (fő) | J2: N-2 Éves nettó árbevétel (euró) | K2: N-2 Mérlegfőösszeg (euró)
A3: Kapcsolódó KÉK 1 | B3: ='KAPCSOLÓDÓ KÉK1'!B8 -> 0 | C3: ='KAPCSOLÓDÓ KÉK1'!B3 -> 0 | D3: ='KAPCSOLÓDÓ KÉK1'!C3 -> 0 | E3: ='KAPCSOLÓDÓ KÉK1'!D3 -> 0 | F3: ='KAPCSOLÓDÓ KÉK1'!B4 -> 0 | G3: ='KAPCSOLÓDÓ KÉK1'!C4 -> 0 | H3: ='KAPCSOLÓDÓ KÉK1'!D4 -> 0 | I3: ='KAPCSOLÓDÓ KÉK1'!B5 -> 0 | J3: ='KAPCSOLÓDÓ KÉK1'!C5 -> 0 | K3: ='KAPCSOLÓDÓ KÉK1'!D5 -> 0
A4: Kapcsolódó KÉK 2 | B4: ='KAPCSOLÓDÓ KÉK2'!B8 -> 0 | C4: ='KAPCSOLÓDÓ KÉK2'!B3 -> 0 | D4: ='KAPCSOLÓDÓ KÉK2'!C3 -> 0 | E4: ='KAPCSOLÓDÓ KÉK2'!D3 -> 0 | F4: ='KAPCSOLÓDÓ KÉK2'!B4 -> 0 | G4: ='KAPCSOLÓDÓ KÉK2'!C4 -> 0 | H4: ='KAPCSOLÓDÓ KÉK2'!D4 -> 0 | I4: ='KAPCSOLÓDÓ KÉK2'!B5 -> 0 | J4: ='KAPCSOLÓDÓ KÉK2'!C5 -> 0 | K4: ='KAPCSOLÓDÓ KÉK2'!D5 -> 0
A5: Kapcsolódó KÉK 3 | B5: ='KAPCSOLÓDÓ KÉK3'!B8 -> 0 | C5: ='KAPCSOLÓDÓ KÉK3'!B3 -> 0 | D5: ='KAPCSOLÓDÓ KÉK3'!C3 -> 0 | E5: ='KAPCSOLÓDÓ KÉK3'!D3 -> 0 | F5: ='KAPCSOLÓDÓ KÉK3'!B4 -> 0 | G5: ='KAPCSOLÓDÓ KÉK3'!C4 -> 0 | H5: ='KAPCSOLÓDÓ KÉK3'!D4 -> 0 | I5: ='KAPCSOLÓDÓ KÉK3'!B5 -> 0 | J5: ='KAPCSOLÓDÓ KÉK3'!C5 -> 0 | K5: ='KAPCSOLÓDÓ KÉK3'!D5 -> 0
A6: Kapcsolódó KÉK 4 | B6: ='KAPCSOLÓDÓ KÉK4'!B8 -> 0 | C6: ='KAPCSOLÓDÓ KÉK4'!B3 -> 0 | D6: ='KAPCSOLÓDÓ KÉK4'!C3 -> 0 | E6: ='KAPCSOLÓDÓ KÉK4'!D3 -> 0 | F6: ='KAPCSOLÓDÓ KÉK4'!B4 -> 0 | G6: ='KAPCSOLÓDÓ KÉK4'!C4 -> 0 | H6: ='KAPCSOLÓDÓ KÉK4'!D4 -> 0 | I6: ='KAPCSOLÓDÓ KÉK4'!B5 -> 0 | J6: ='KAPCSOLÓDÓ KÉK4'!C5 -> 0 | K6: ='KAPCSOLÓDÓ KÉK4'!D5 -> 0
A7: Kapcsolódó KÉK 5 | B7: ='KAPCSOLÓDÓ KÉK5'!B8 -> 0 | C7: ='KAPCSOLÓDÓ KÉK5'!B3 -> 0 | D7: ='KAPCSOLÓDÓ KÉK5'!C3 -> 0 | E7: ='KAPCSOLÓDÓ KÉK5'!D3 -> 0 | F7: ='KAPCSOLÓDÓ KÉK5'!B4 -> 0 | G7: ='KAPCSOLÓDÓ KÉK5'!C4 -> 0 | H7: ='KAPCSOLÓDÓ KÉK5'!D4 -> 0 | I7: ='KAPCSOLÓDÓ KÉK5'!B5 -> 0 | J7: ='KAPCSOLÓDÓ KÉK5'!C5 -> 0 | K7: ='KAPCSOLÓDÓ KÉK5'!D5 -> 0
A8: Kapcsolódó KÉK 6 | B8: ='KAPCSOLÓDÓ KÉK6'!B8 -> 0 | C8: ='KAPCSOLÓDÓ KÉK6'!B3 -> 0 | D8: ='KAPCSOLÓDÓ KÉK6'!C3 -> 0 | E8: ='KAPCSOLÓDÓ KÉK6'!D3 -> 0 | F8: ='KAPCSOLÓDÓ KÉK6'!B4 -> 0 | G8: ='KAPCSOLÓDÓ KÉK6'!C4 -> 0 | H8: ='KAPCSOLÓDÓ KÉK6'!D4 -> 0 | I8: ='KAPCSOLÓDÓ KÉK6'!B5 -> 0 | J8: ='KAPCSOLÓDÓ KÉK6'!C5 -> 0 | K8: ='KAPCSOLÓDÓ KÉK6'!D5 -> 0
A9: Kapcsolódó KÉK 7 | B9: ='KAPCSOLÓDÓ KÉK7'!B8 -> 0 | C9: ='KAPCSOLÓDÓ KÉK7'!B3 -> 0 | D9: ='KAPCSOLÓDÓ KÉK7'!C3 -> 0 | E9: ='KAPCSOLÓDÓ KÉK7'!D3 -> 0 | F9: ='KAPCSOLÓDÓ KÉK7'!B4 -> 0 | G9: ='KAPCSOLÓDÓ KÉK7'!C4 -> 0 | H9: ='KAPCSOLÓDÓ KÉK7'!D4 -> 0 | I9: ='KAPCSOLÓDÓ KÉK7'!B5 -> 0 | J9: ='KAPCSOLÓDÓ KÉK7'!C5 -> 0 | K9: ='KAPCSOLÓDÓ KÉK7'!D5 -> 0
A10: Kapcsolódó KÉK 8 | B10: ='KAPCSOLÓDÓ KÉK8'!B8 -> 0 | C10: ='KAPCSOLÓDÓ KÉK8'!B3 -> 0 | D10: ='KAPCSOLÓDÓ KÉK8'!C3 -> 0 | E10: ='KAPCSOLÓDÓ KÉK8'!D3 -> 0 | F10: ='KAPCSOLÓDÓ KÉK8'!B4 -> 0 | G10: ='KAPCSOLÓDÓ KÉK8'!C4 -> 0 | H10: ='KAPCSOLÓDÓ KÉK8'!D4 -> 0 | I10: ='KAPCSOLÓDÓ KÉK8'!B5 -> 0 | J10: ='KAPCSOLÓDÓ KÉK8'!C5 -> 0 | K10: ='KAPCSOLÓDÓ KÉK8'!D5 -> 0
A11: Kapcsolódó KÉK 9 | B11: ='KAPCSOLÓDÓ KÉK9'!B8 -> 0 | C11: ='KAPCSOLÓDÓ KÉK9'!B3 -> 0 | D11: ='KAPCSOLÓDÓ KÉK9'!C3 -> 0 | E11: ='KAPCSOLÓDÓ KÉK9'!D3 -> 0 | F11: ='KAPCSOLÓDÓ KÉK9'!B4 -> 0 | G11: ='KAPCSOLÓDÓ KÉK9'!C4 -> 0 | H11: ='KAPCSOLÓDÓ KÉK9'!D4 -> 0 | I11: ='KAPCSOLÓDÓ KÉK9'!B5 -> 0 | J11: ='KAPCSOLÓDÓ KÉK9'!C5 -> 0 | K11: ='KAPCSOLÓDÓ KÉK9'!D5 -> 0
A12: Kapcsolódó KÉK 10 | B12: ='KAPCSOLÓDÓ KÉK10'!B8 -> 0 | C12: ='KAPCSOLÓDÓ KÉK10'!B3 -> 0 | D12: ='KAPCSOLÓDÓ KÉK10'!C3 -> 0 | E12: ='KAPCSOLÓDÓ KÉK10'!D3 -> 0 | F12: ='KAPCSOLÓDÓ KÉK10'!B4 -> 0 | G12: ='KAPCSOLÓDÓ KÉK10'!C4 -> 0 | H12: ='KAPCSOLÓDÓ KÉK10'!D4 -> 0 | I12: ='KAPCSOLÓDÓ KÉK10'!B5 -> 0 | J12: ='KAPCSOLÓDÓ KÉK10'!C5 -> 0 | K12: ='KAPCSOLÓDÓ KÉK10'!D5 -> 0
A13: Partner KÉK 1 | B13: ='PARTNER KÉK1'!B8 -> 0 | C13: ='PARTNER KÉK1'!B3 | D13: ='PARTNER KÉK1'!C3 | E13: ='PARTNER KÉK1'!D3 | F13: ='PARTNER KÉK1'!B4 | G13: ='PARTNER KÉK1'!C4 | H13: ='PARTNER KÉK1'!D4 | I13: ='PARTNER KÉK1'!B5 | J13: ='PARTNER KÉK1'!C5 | K13: ='PARTNER KÉK1'!D5
A14: Partner KÉK 2 | B14: ='PARTNER KÉK2'!B8 -> 0 | C14: ='PARTNER KÉK2'!B3 | D14: ='PARTNER KÉK2'!C3 | E14: ='PARTNER KÉK2'!D3 | F14: ='PARTNER KÉK2'!B4 | G14: ='PARTNER KÉK2'!C4 | H14: ='PARTNER KÉK2'!D4 | I14: ='PARTNER KÉK2'!B5 | J14: ='PARTNER KÉK2'!C5 | K14: ='PARTNER KÉK2'!D5
A15: Partner KÉK 3 | B15: ='PARTNER KÉK3'!B8 -> 0 | C15: ='PARTNER KÉK3'!B3 | D15: ='PARTNER KÉK3'!C3 | E15: ='PARTNER KÉK3'!D3 | F15: ='PARTNER KÉK3'!B4 | G15: ='PARTNER KÉK3'!C4 | H15: ='PARTNER KÉK3'!D4 | I15: ='PARTNER KÉK3'!B5 | J15: ='PARTNER KÉK3'!C5 | K15: ='PARTNER KÉK3'!D5
A16: Partner KÉK 4 | B16: ='PARTNER KÉK4'!B8 -> 0 | C16: ='PARTNER KÉK4'!B3 | D16: ='PARTNER KÉK4'!C3 | E16: ='PARTNER KÉK4'!D3 | F16: ='PARTNER KÉK4'!B4 | G16: ='PARTNER KÉK4'!C4 | H16: ='PARTNER KÉK4'!D4 | I16: ='PARTNER KÉK4'!B5 | J16: ='PARTNER KÉK4'!C5 | K16: ='PARTNER KÉK4'!D5
A17: Partner KÉK 5 | B17: ='PARTNER KÉK5'!B8 -> 0 | C17: ='PARTNER KÉK5'!B3 | D17: ='PARTNER KÉK5'!C3 | E17: ='PARTNER KÉK5'!D3 | F17: ='PARTNER KÉK5'!B4 | G17: ='PARTNER KÉK5'!C4 | H17: ='PARTNER KÉK5'!D4 | I17: ='PARTNER KÉK5'!B5 | J17: ='PARTNER KÉK5'!C5 | K17: ='PARTNER KÉK5'!D5
A18: Partner KÉK 6 | B18: ='PARTNER KÉK6'!B8 -> 0 | C18: ='PARTNER KÉK6'!B3 | D18: ='PARTNER KÉK6'!C3 | E18: ='PARTNER KÉK6'!D3 | F18: ='PARTNER KÉK6'!B4 | G18: ='PARTNER KÉK6'!C4 | H18: ='PARTNER KÉK6'!D4 | I18: ='PARTNER KÉK6'!B5 | J18: ='PARTNER KÉK6'!C5 | K18: ='PARTNER KÉK6'!D5
A19: Partner KÉK 7 | B19: ='PARTNER KÉK7'!B8 -> 0 | C19: ='PARTNER KÉK7'!B3 | D19: ='PARTNER KÉK7'!C3 | E19: ='PARTNER KÉK7'!D3 | F19: ='PARTNER KÉK7'!B4 | G19: ='PARTNER KÉK7'!C4 | H19: ='PARTNER KÉK7'!D4 | I19: ='PARTNER KÉK7'!B5 | J19: ='PARTNER KÉK7'!C5 | K19: ='PARTNER KÉK7'!D5
A20: Partner KÉK 8 | B20: ='PARTNER KÉK8'!B8 -> 0 | C20: ='PARTNER KÉK8'!B3 | D20: ='PARTNER KÉK8'!C3 | E20: ='PARTNER KÉK8'!D3 | F20: ='PARTNER KÉK8'!B4 | G20: ='PARTNER KÉK8'!C4 | H20: ='PARTNER KÉK8'!D4 | I20: ='PARTNER KÉK8'!B5 | J20: ='PARTNER KÉK8'!C5 | K20: ='PARTNER KÉK8'!D5
A21: Partner KÉK 9 | B21: ='PARTNER KÉK9'!B8 -> 0 | C21: ='PARTNER KÉK9'!B3 | D21: ='PARTNER KÉK9'!C3 | E21: ='PARTNER KÉK9'!D3 | F21: ='PARTNER KÉK9'!B4 | G21: ='PARTNER KÉK9'!C4 | H21: ='PARTNER KÉK9'!D4 | I21: ='PARTNER KÉK9'!B5 | J21: ='PARTNER KÉK9'!C5 | K21: ='PARTNER KÉK9'!D5
A22: Partner KÉK 10 | B22: ='PARTNER KÉK10'!B8 -> 0 | C22: ='PARTNER KÉK10'!B3 | D22: ='PARTNER KÉK10'!C3 | E22: ='PARTNER KÉK10'!D3 | F22: ='PARTNER KÉK10'!B4 | G22: ='PARTNER KÉK10'!C4 | H22: ='PARTNER KÉK10'!D4 | I22: ='PARTNER KÉK10'!B5 | J22: ='PARTNER KÉK10'!C5 | K22: ='PARTNER KÉK10'!D5
C24: =SUM(C26:C36) -> 0 | D24: =SUM(D26:D36) -> 0 | E24: =SUM(E26:E36) -> 0 | F24: =SUM(F26:F36) -> 0 | G24: =SUM(G26:G36) -> 0 | H24: =SUM(H26:H36) -> 0 | I24: =SUM(I26:I36) -> 0 | J24: =SUM(J26:J36) -> 0 | K24: =SUM(K26:K36) -> 0
A25: ZÖLD tábla | B25: Vállalkozás neve | C25: N foglalkoztatottak száma (fő) | D25: N Éves nettó árbevétel (euró) | E25: N Mérlegfőösszeg (euró) | F25: N-1 foglalkoztatottak száma (fő) | G25: N-1 Éves nettó árbevétel (euró) | H25: N-1 Mérlegfőösszeg (euró) | I25: N-2 foglalkoztatottak száma (fő) | J25: N-2 Éves nettó árbevétel (euró) | K25: N-2 Mérlegfőösszeg (euró)
A26: Kapcsolódó | B26: =KAPCSOLÓDÓ!B8 | C26: =KAPCSOLÓDÓ!B3 -> 0 | D26: =KAPCSOLÓDÓ!C3 -> 0 | E26: =KAPCSOLÓDÓ!D3 -> 0 | F26: =KAPCSOLÓDÓ!B4 -> 0 | G26: =KAPCSOLÓDÓ!C4 -> 0 | H26: =KAPCSOLÓDÓ!D4 -> 0 | I26: =KAPCSOLÓDÓ!B5 -> 0 | J26: =KAPCSOLÓDÓ!C5 -> 0 | K26: =KAPCSOLÓDÓ!D5 -> 0
A27: Kapcsolódó Piac 1 | B27: ='KAPCSOLÓDÓ PIAC1'!B8 -> 0 | C27: ='KAPCSOLÓDÓ PIAC1'!B3 -> 0 | D27: ='KAPCSOLÓDÓ PIAC1'!C3 -> 0 | E27: ='KAPCSOLÓDÓ PIAC1'!D3 -> 0 | F27: ='KAPCSOLÓDÓ PIAC1'!B4 -> 0 | G27: ='KAPCSOLÓDÓ PIAC1'!C4 -> 0 | H27: ='KAPCSOLÓDÓ PIAC1'!D4 -> 0 | I27: ='KAPCSOLÓDÓ PIAC1'!B5 -> 0 | J27: ='KAPCSOLÓDÓ PIAC1'!C5 -> 0 | K27: ='KAPCSOLÓDÓ PIAC1'!D5 -> 0
A28: Kapcsolódó Piac 2 | B28: ='KAPCSOLÓDÓ PIAC2'!B8 -> 0 | C28: ='KAPCSOLÓDÓ PIAC2'!B3 -> 0 | D28: ='KAPCSOLÓDÓ PIAC2'!C3 -> 0 | E28: ='KAPCSOLÓDÓ PIAC2'!D3 -> 0 | F28: ='KAPCSOLÓDÓ PIAC2'!B4 -> 0 | G28: ='KAPCSOLÓDÓ PIAC2'!C4 -> 0 | H28: ='KAPCSOLÓDÓ PIAC2'!D4 -> 0 | I28: ='KAPCSOLÓDÓ PIAC2'!B5 -> 0 | J28: ='KAPCSOLÓDÓ PIAC2'!C5 -> 0 | K28: ='KAPCSOLÓDÓ PIAC2'!D5 -> 0
A29: Kapcsolódó Piac 3 | B29: ='KAPCSOLÓDÓ PIAC3'!B8 -> 0 | C29: ='KAPCSOLÓDÓ PIAC3'!B3 -> 0 | D29: ='KAPCSOLÓDÓ PIAC3'!C3 -> 0 | E29: ='KAPCSOLÓDÓ PIAC3'!D3 -> 0 | F29: ='KAPCSOLÓDÓ PIAC3'!B4 -> 0 | G29: ='KAPCSOLÓDÓ PIAC3'!C4 -> 0 | H29: ='KAPCSOLÓDÓ PIAC3'!D4 -> 0 | I29: ='KAPCSOLÓDÓ PIAC3'!B5 -> 0 | J29: ='KAPCSOLÓDÓ PIAC3'!C5 -> 0 | K29: ='KAPCSOLÓDÓ PIAC3'!D5 -> 0
A30: Kapcsolódó Piac 4 | B30: ='KAPCSOLÓDÓ PIAC4'!B8 -> 0 | C30: ='KAPCSOLÓDÓ PIAC4'!B3 -> 0 | D30: ='KAPCSOLÓDÓ PIAC4'!C3 -> 0 | E30: ='KAPCSOLÓDÓ PIAC4'!D3 -> 0 | F30: ='KAPCSOLÓDÓ PIAC4'!B4 -> 0 | G30: ='KAPCSOLÓDÓ PIAC4'!C4 -> 0 | H30: ='KAPCSOLÓDÓ PIAC4'!D4 -> 0 | I30: ='KAPCSOLÓDÓ PIAC4'!B5 -> 0 | J30: ='KAPCSOLÓDÓ PIAC4'!C5 -> 0 | K30: ='KAPCSOLÓDÓ PIAC4'!D5 -> 0
A31: Kapcsolódó Piac 5 | B31: ='KAPCSOLÓDÓ PIAC5'!B8 -> 0 | C31: ='KAPCSOLÓDÓ PIAC5'!B3 -> 0 | D31: ='KAPCSOLÓDÓ PIAC5'!C3 -> 0 | E31: ='KAPCSOLÓDÓ PIAC5'!D3 -> 0 | F31: ='KAPCSOLÓDÓ PIAC5'!B4 -> 0 | G31: ='KAPCSOLÓDÓ PIAC5'!C4 -> 0 | H31: ='KAPCSOLÓDÓ PIAC5'!D4 -> 0 | I31: ='KAPCSOLÓDÓ PIAC5'!B5 -> 0 | J31: ='KAPCSOLÓDÓ PIAC5'!C5 -> 0 | K31: ='KAPCSOLÓDÓ PIAC5'!D5 -> 0
A32: Kapcsolódó Piac 6 | B32: ='KAPCSOLÓDÓ PIAC6'!B8 -> 0 | C32: ='KAPCSOLÓDÓ PIAC6'!B3 -> 0 | D32: ='KAPCSOLÓDÓ PIAC6'!C3 -> 0 | E32: ='KAPCSOLÓDÓ PIAC6'!D3 -> 0 | F32: ='KAPCSOLÓDÓ PIAC6'!B4 -> 0 | G32: ='KAPCSOLÓDÓ PIAC6'!C4 -> 0 | H32: ='KAPCSOLÓDÓ PIAC6'!D4 -> 0 | I32: ='KAPCSOLÓDÓ PIAC6'!B5 -> 0 | J32: ='KAPCSOLÓDÓ PIAC6'!C5 -> 0 | K32: ='KAPCSOLÓDÓ PIAC6'!D5 -> 0
A33: Partner 1 | B33: =PARTNER1!B8 | C33: =PARTNER1!B3 | D33: =PARTNER1!C3 | E33: =PARTNER1!D3 | F33: =PARTNER1!B4 | G33: =PARTNER1!C4 | H33: =PARTNER1!D4 | I33: =PARTNER1!B5 | J33: =PARTNER1!C5 | K33: =PARTNER1!D5
A34: Partner 2 | B34: =PARTNER2!B8 | C34: =PARTNER2!B3 | D34: =PARTNER2!C3 | E34: =PARTNER2!D3 | F34: =PARTNER2!B4 | G34: =PARTNER2!C4 | H34: =PARTNER2!D4 | I34: =PARTNER2!B5 | J34: =PARTNER2!C5 | K34: =PARTNER2!D5
A35: Partner 3 | B35: =PARTNER3!B8 | C35: =PARTNER3!B3 | D35: =PARTNER3!C3 | E35: =PARTNER3!D3 | F35: =PARTNER3!B4 | G35: =PARTNER3!C4 | H35: =PARTNER3!D4 | I35: =PARTNER3!B5 | J35: =PARTNER3!C5 | K35: =PARTNER3!D5
A36: Partner 4 | B36: =PARTNER4!B8 | C36: =PARTNER4!B3 | D36: =PARTNER4!C3 | E36: =PARTNER4!D3 | F36: =PARTNER4!B4 | G36: =PARTNER4!C4 | H36: =PARTNER4!D4 | I36: =PARTNER4!B5 | J36: =PARTNER4!C5 | K36: =PARTNER4!D5

Sheet MNB árfolyam
A1: Dátum | B1: 1 Euro/Ft | C1: hét napja képlet | D1: hét napja
A2: 43466 | B2: 321.51 | C2: 2 | D2: kedd
A3: 43467 | B3: 322.16 | C3: 3 | D3: szerda | J3: Összes foglalkoztatotti létszám | K3: Éves nettó árbevétel | L3: Mérlegfőösszeg
A4: 43468 | B4: 322.55 | C4: 4 | D4: csütörtök | I4: Középvállalkozás | J4: < 250 fő | K4: ≤ 50 millió euró | L4: ≤ 43 millió euró
A5: 43469 | B5: 321.25 | C5: 5 | D5: péntek | I5: Kisvállalkozás | J5: < 50 fő | K5: ≤ 10 millió euró | L5: ≤ 10 millió euró
A6: 43470 | B6: 321.25 | C6: 6 | D6: szombat | I6: Mikrovállalkozás | J6: <10 fő | K6: ≤ 2 millió euró | L6: ≤ 2 millió euró
A7: 43471 | B7: 321.25 | C7: 7 | D7: vasárnap
A8: 43472 | B8: 321.18 | C8: 1 | D8: hétfő | I8: N | J8: N-1 | K8: N-2 | L8: KKV státusza
A9: 43473 | B9: 321.4 | C9: 2 | D9: kedd | I9: KÖZÉP | J9: KIS | K9: - | L9: KIS (bázis év)
A10: 43474 | B10: 321.78 | C10: 3 | D10: szerda | I10: KÖZÉP | J10: KIS | K10: MIKRO | L10: KÖZÉP (kétszer felfelé)
A11: 43475 | B11: 321.75 | C11: 4 | D11: csütörtök | I11: MIKRO | J11: KIS | K11: KÖZÉP | L11: MIKRO (kétszer lefelé)
A12: 43476 | B12: 321.4 | C12: 5 | D12: péntek | I12: MIKRO | J12: KIS | K12: MIKRO | L12: ?
A13: 43477 | B13: 321.4 | C13: 6 | D13: szombat
A14: 43478 | B14: 321.4 | C14: 7 | D14: vasárnap
A15: 43479 | B15: 321.17 | C15: 1 | D15: hétfő
A16: 43480 | B16: 321.8 | C16: 2 | D16: kedd
A17: 43481 | B17: 323.52 | C17: 3 | D17: szerda
A18: 43482 | B18: 321.44 | C18: 4 | D18: csütörtök
A19: 43483 | B19: 318.92 | C19: 5 | D19: péntek
A20: 43484 | B20: 318.92 | C20: 6 | D20: szombat
A21: 43485 | B21: 318.92 | C21: 7 | D21: vasárnap
A22: 43486 | B22: 318.2 | C22: 1 | D22: hétfő
A23: 43487 | B23: 318 | C23: 2 | D23: kedd
A24: 43488 | B24: 318.11 | C24: 3 | D24: szerda
... A2612: 46076 | B2612: 379.9 | C2612: 1 | D2612: hétfő
A2613: 46077
A2614: 46078
A2615: 46079
A2616: 46080
A2617: 46081
A2618: 46082
A2619: 46083
A2620: 46084
A2621: 46085
A2622: 46086
A2623: 46087
A2624: 46088
... A2683: 46147

Sheet Tulajdonos besorolás opciók
A1: A | B1: Természetes személy, aki nem folytat vállalkozói tevékenységet | D1: NEM, a fentiekben felsorolt természetes személy tulajdonosok között NINCS a Ptk. 8:1 § (1) bekezdés szerinti közeli hozzátartozói kapcsolat.
A2: B | B2: Természetes személy, aki egyben egyéni vállalkozó, vagy önálló vállalkozó is (pl. egyéni ügyvéd, közjegyző, bírósági végrehajtó) | D2: IGEN, a fentiekben felsorolt természetes személy tulajdonosok között vannak olyanok, akik közeli hozzátartozók, a következők szerint Az alábbi táblába a legördülő listából válassza ki azokat a természetes személy tulajdonosokat, akik egymásnak közeli hozzátartozói és az indoklás oszlopba röviden mutassa be a kapcsolat jellegét pl. XY és AB férj és feleség. Ha a közeli hozzátartozók több egymástól független csoportba sorolhatók - pl. XY és AB férj és feleség valamint GK és VB is férj és feleség, de a két házaspár között nincs közeli hozzátartozói kapcsolat, akkor két csoportot rögzítsen. Ha a két házaspár között is van közeli hozzátartozó, pl. szülő, gyermek kapcsolat, akkor mindenki egy csoportban szerepeljen.
A3: C | B3: Vállalkozás (pl. gazdasági társaság, szövetkezet)
A4: D | B4: Befektető, amely lehet:
B5: • állami befektetési társaság • finanszírozáshoz való hozzáférés elősegítése céljából rendszeresen kockázatitőke-befektetést folytató egyén vagy csoport, aki vagy amely a tőzsdén nem jegyzett vállalkozások alaptőkéjébe fektet be, azzal a feltétellel, hogy az ugyanazon vállalkozásban eszközölt összes befektetése legfeljebb 1 250 000 eurónak megfelelő forintösszeg • felsőoktatási intézmény, nem felsőoktatási intézmény szervezetében működő oktatási és szaktanácsadási intézmény, felső- vagy középfokú oktatás gyakorlati háttereként termelőtevékenységet folytató tangazdaság és tanüzem, nonprofit kutatási központ, valamint nem felsőoktatási intézmény szervezeteként – költségvetési szervként működő – egyéb kutatóhely • intézményi befektető, beleértve a regionális fejlesztési alapokat; • önálló helyi önkormányzat, amely költségvetése 10 millió eurónál kisebb, és a lakosok száma 5000 főnél kevesebb | D5: NEM, a pályázó vállalkozásnak NINCS legalább 25%-ot elérő befolyása más vállalkozás(ok)ban.
D6: IGEN, a pályázó vállalkozásnak VAN legalább 25%-ot elérő befolyása más vállalkozás(ok)ban. Ezúton nyilatkozom, hogy minden érintett vállalkozás adatát feltöltöttem az alábbi táblázatba.
A10: E | B10: fentiekhez nem sorolható állami vagy önkormányzati tulajdonos
A11: F | B11: Jogi személyiségű vagy jogi személyiség nélküli nonprofit szervezet
B16: 1. Természetes személy
B17: 2. Természetes személy, aki a KKV törvény szerint vállalkozásnak is minősül
B18: 3. Vállalkozás
B19: 4. Befektető
B20: 5. Fentiekhez nem sorolható állami vagy önkormányzati tulajdonos
B21: 6. Egyéb
B31: 2. Természetes személy, aki egyben egyéni vállalkozó, vagy önálló vállalkozó is (pl. egyéni ügyvéd, közjegyző, bírósági végrehajtó)
B32: 3. Vállalkozás (pl. gazdasági társaság, vagy szövetkezet)
B33: 4. Befektető (pontos definícióját a xxx tartalmazza)
B34: 5. Fentiekhez nem sorolható állami vagy önkormányzati tulajdonos
B35: 6. Egyéb (pl. nonprofit szervezet)

Sheet KAPCSOLÓDÓ PIAC1
A1: Kapcsolódó vállalkozás összesítő (automatikusan töltődik, ezt a blokkot Önnek nem kell töltenie): | F1: VISSZA A PÁLYÁZÓ FÜLRE
B2: Üzleti évben átlagosan foglalkoztatottak száma (fő) | C2: Éves nettó árbevétel (euró) | D2: Mérlegfőösszeg (euró)
A3: N | B3: =D14+E24+BI54 -> 0 | C3: =AX14+AX24+BJ54 -> 0 | D3: =AY14+AY24+BK54 -> 0
A4: N-1 | B4: =D15+J24+BL54 -> 0 | C4: =AX15+BA24+BM54 -> 0 | D4: =AY15+BB24+BN54 -> 0
A5: N-2 | B5: =D16+O24+BO54 -> 0 | C5: =AX16+BD24+BP54 -> 0 | D5: =AY16+BE24+BQ54 -> 0
A7: I. BLOKK: KAPCSOLÓDÓ VÁLLALKOZÁS SAJÁT ADATAI:
A8: Kapcsolódó vállalkozás megnevezése (automatikusan töltődik a PÁLYÁZÓ munkalapról): | B8: =PÁLYÁZÓ!B86 -> 0
A9: Kapcsolódó vállalkozás adószáma (automatikusan töltődik a PÁLYÁZÓ munkalapról): | B9: =PÁLYÁZÓ!C86 -> 0
A11: Kérjük, adja meg ennek a vállalkozásnak a gazdálkodási adatait főszabály szerint az utolsó három lezárt üzleti évre vonatkozóan. FONTOS: Ha a pályázó vállalkozásnak csak egy vagy két lezárt üzleti éve van, ennek a vállalkozásnak is csak azokra az évekre szükséges feltüntetni az adatait. Amennyiben a pályázó vállalkozás rendelkezik 2025. évre szóló beszámolóval (N év adata), ugyanakkor a kapcsolódó vállalkozásnak még nem készült el a beszámolója, kérjük az üzleti év kezdete és vége adatokat töltse fel, de más adatokat az N évre vonatkozóan nem szükséges feltüntetni. Ha a kapcsolódó vállalkozás rendelkezik 2025 évi beszámolóval, de a pályázó vállalkozás még nem, akkor a 2025 évi beszámolót nem kell feltüntetni. Amennyiben a vállalkozás esetén beszámoló közzétételi kötelezettség áll fenn, az adatokat a https://e-beszamolo.im.gov.hu/oldal/kezdolap oldalról letölthető beszámolóival összhangban adja meg. Amennyiben beszámoló készítésére nem kötelezett a vállalkozás, akkor az adóbevallásban, illetve a nyilvántartásokban (pl. foglalkoztatottak száma) szerepelnek a releváns adatok, ebben az esetben a mérlegfőösszeg nem értelmezhető, ezért nem szükséges kitölteni. Kérjük, a kitöltésnél ügyeljen arra, hogy az e-beszámoló felületen az adatok ezer vagy millió forintban kerülnek feltüntetésre. Továbbá előfordulhat, hogy a beszámoló forinttól eltérő devizában készült. Kérjük, hogy a táblázatban a pontos összeget rögzítse, forintban megadva! Speciális esetek: Előfordulhat, hogy az alábbiak közül valamelyik üzleti év csak tört évként értelmezhető a kapcsolódó vállalkozásnál. Ebben az esetben az árbevétel adatot évesíteni szükséges, a létszám adatot és a mérlegfőösszeget - ha az értelmezhető - azonban nem. Évesített árbevétel = (Tört év árbevétele / a beszámolóban szereplő működési napok száma) × az adott év napjainak száma Amennyiben valamely üzleti évre adónem áttérés miatt két beszámoló készült, a következők szerint kell eljárni: az árbevétel adatokat össze kell adni, a két létszám adatból átlagot kell számolni, a mérlegfőösszeg adat esetén pedig az időben frissebb (második) adatot kell feltüntetni. Átlagos létszám = (Első beszámoló létszáma + Második beszámoló létszáma) / 2 N = utolsó lezárt üzleti év, N-1 = utolsó előtti lezárt év, N-2 = utolsó előtti lezárt évet megelőző év.
A12: =IF(PÁLYÁZÓ!D16<>"","A pályázó vállalkozás három üzleti évre adta meg az adatokat, ezért a kapcsolódó vállalkozás esetén is három évre kérünk adatot, ha a vállalkozás működött ebben az időtartamban.",IF(PÁLYÁZÓ!D15<>"","A pályázó vállalkozás két üzleti évre adta meg az adatokat, ezért a kapcsolódó vállalkozás esetén is két évre kérünk adatot, ha a vállalkozás működött ebben az időtartamban.",IF(PÁLYÁZÓ!D14<>"","A pályázó vállalkozás egy üzleti évre adta meg az adatokat, ezért a kapcsolódó vállalkozás esetén is egy évre kérünk adatot, ha a vállalkozás működött ebben az időtartamban.","")))
B13: Üzleti év kezdete | C13: Üzleti év vége | D13: Üzleti évben átlagosan foglalkoztatottak száma (fő) | E13: Éves nettó árbevétel (forint) | F13: Mérlegfőösszeg (Ft) | AW13: Alkalmazott devizaközépárfolyam | AX13: Éves nettó árbevétel (euró) | AY13: Mérlegfőösszeg (euró)
A14: N | AW14: =IF(C14="","",VLOOKUP(C14,'MNB árfolyam'!A:B,2,0)) | AX14: =IFERROR(ROUND(E14/AW15,0),0) -> 0 | AY14: =IFERROR(ROUND(F14/AW14,0),0) -> 0
A15: N-1 | AW15: =IF(C15="","",VLOOKUP(C15,'MNB árfolyam'!A:B,2,0)) | AX15: =IFERROR(ROUND(E15/AW15,0),0) -> 0 | AY15: =IFERROR(ROUND(F15/AW15,0),0) -> 0
A16: N-2 | AW16: =IF(C16="","",VLOOKUP(C16,'MNB árfolyam'!A:B,2,0)) | AX16: =IFERROR(ROUND(E16/AW16,0),0) -> 0 | AY16: =IFERROR(ROUND(F16/AW16,0),0) -> 0
A18: A KKV besorolás megállapításához a törvény alapján figyelembe kell venni a pályázó vállalkozás kapcsolódó vállalkozásának a kapcsolódó és partner vállalkozásait is.Figyelembe vesszük azokat a vállalkozásokat is, akik a pályázó kapcsolódó vállalkozását tulajdonolják, és azokat is, akikre a kapcsolódó vállalkozásnak van befolyása, ezért szerepelnek a nyilak két irányba a 3. ábrán. Az alábbi két külön táblázatba szükséges az adatokat feltüntetni.
A21: =CONCATENATE("II. BLOKK: ",B8," ","KAPCSOLÓDÓ VÁLLALKOZÁSAI:") -> II. BLOKK: 0 KAPCSOLÓDÓ VÁLLALKOZÁSAI:
A22: Az alábbiakban fel kell tüntetni a pályázó vállalkozás természetes személyen keresztüli kapcsolódó vállakozásának (amelyről ez a munkalap szól) a KAPCSOLÓDÓ VÁLLALKOZÁSAIT. Jelen esetben tehát azokat a vállalkozásokat, amelyekben a pályázó vállalkozás kapcsolódó vállalkozása 50%-nál nagyobb befolyással bír. Annyi évre vonatkozóan kell adatot szolgáltatni, amennyi lezárt üzleti évvel a pályázó vállalkozás rendelkezik. FONTOS TUDNIVALÓK: Ha a pályázó vállalkozásnak csak egy vagy két lezárt üzleti éve van, az itt feltüntetett vállalkozásoknak is csak azokra az évekre szükséges feltüntetni az adatait. Amennyiben a pályázó vállalkozás rendelkezik 2025. évre szóló beszámolóval (N év adata), ugyanakkor a kapcsolódó vállalkozásoknak még nem készült el a beszámolója, kérjük az üzleti év kezdete és vége adatokat töltse fel, de más adatokat az N évre vonatkozóan nem szükséges feltüntetni. Ha a kapcsolódó vállalkozás rendelkezik 2025. évi beszámolóval, de a pályázó vállalkozás még nem, a 2025. évi adatokat nem kell feltüntetni. Amennyiben a vállalkozás esetén beszámoló közzétételi kötelezettség áll fenn, az adatokat a https://e-beszamolo.im.gov.hu/oldal/kezdolap oldalról letölthető beszámolóival összhangban adja meg. Amennyiben beszámoló készítésére nem kötelezett a vállalkozás, akkor az adóbevallásban, illetve a nyilvántartásokban (pl. foglalkoztatottak száma) szerepelnek a releváns adatok, ebben az esetben a mérlegfőösszeg nem értelmezhető, ezért nem szükséges kitölteni. Kérjük, a kitöltésnél ügyeljen arra, hogy az e-beszámoló felületen az adatok ezer vagy millió forintban kerülnek feltüntetésre. Továbbá előfordulhat, hogy a beszámoló forinttól eltérő devizában készült. Kérjük, hogy a táblázatban a pontos összeget rögzítse, forintban megadva! Speciális esetek: Előfordulhat, hogy az alábbiak közül valamelyik üzleti év csak tört évként értelmezhető a kapcsolódó vállalkozásnál. Ebben az esetben az árbevétel adatot évesíteni szükséges, a létszám adatot és a mérlegfőösszeget - ha az értelmezhető - azonban nem. Évesített árbevétel = (Tört év árbevétele / a beszámolóban szereplő működési napok száma) × az adott év napjainak száma Amennyiben valamely üzleti évre adónem áttérés miatt két beszámoló készült, a következők szerint kell eljárni: az árbevétel adatokat össze kell adni, a két létszám adatból átlagot kell számolni, a mérlegfőösszeg adat esetén pedig az időben frissebb (második) adatot kell feltüntetni. Átlagos létszám = (Első beszámoló létszáma + Második beszámoló létszáma) / 2 N = utolsó lezárt üzleti év, N-1 = utolsó előtti lezárt év, N-2 = utolsó előtti lezárt évet megelőző év.
A23: =A12
E24: =SUM(E26:E50) -> 0 | J24: =SUM(J26:J50) -> 0 | O24: =SUM(O26:O50) -> 0 | AX24: =SUM(AX26:AX50) -> 0 | AY24: =SUM(AY26:AY50) -> 0 | BA24: =SUM(BA26:BA50) -> 0 | BB24: =SUM(BB26:BB50) -> 0 | BD24: =SUM(BD26:BD50) -> 0 | BE24: =SUM(BE26:BE50) -> 0
A25: =CONCATENATE(B8," ","Kapcsolódó vállalkozásának neve") -> 0 Kapcsolódó vállalkozásának neve | B25: Kapcsolódó vállalkozás adószáma | C25: N üzleti év kezdete | D25: N üzleti év vége | E25: N üzleti évben átlagosan foglalkoztatottak száma (fő) | F25: N üzleti év éves nettó árbevétele (Ft) | G25: N üzleti év mérlegfőösszege (Ft) | H25: N-1 üzleti év kezdete | I25: N-1 üzleti év vége | J25: N-1 üzleti évben átlagosan foglalkoztatottak száma (fő) | K25: N-1 üzleti év éves nettó árbevétele (Ft) | L25: N-1 üzleti év mérlegfőösszege (Ft) | M25: N-2 üzleti év kezdete | N25: N-2 üzleti év vége | O25: N-2 üzleti évben átlagosan foglalkoztatottak száma (fő) | P25: N-2 üzleti év éves nettó árbevétele (Ft) | Q25: N-2 üzleti év mérlegfőösszege (Ft) | AW25: N év Alkalmazott devizaközépárfolyam | AX25: N üzleti év Éves nettó árbevétel (euró) | AY25: N üzleti év Mérlegfőösszeg (euró) | AZ25: N-1 év Alkalmazott devizaközépárfolyam | BA25: N-1év Éves nettó árbevétel (euró) | BB25: N-1 év Mérlegfőösszeg (euró) | BC25: N-2 év Alkalmazott devizaközépárfolyam | BD25: N-2 év Éves nettó árbevétel (euró) | BE25: N-2 év Mérlegfőösszeg (euró)
AW26: =IF(D26="","",VLOOKUP(D26,'MNB árfolyam'!A:B,2,0)) | AX26: =IF(ISBLANK(F26),"",ROUND(F26/AW26,0)) | AY26: =IF(ISBLANK(G26),"",ROUND(G26/AW26,0)) | AZ26: =IF(I26="","",VLOOKUP(I26,'MNB árfolyam'!A:B,2,0)) | BA26: =IF(ISBLANK(K26),"",ROUND(K26/AZ26,0)) | BB26: =IF(ISBLANK(L26),"",ROUND(L26/AZ26,0)) | BC26: =IF(N26="","",VLOOKUP(N26,'MNB árfolyam'!A:B,2,0)) | BD26: =IF(ISBLANK(P26),"",ROUND(P26/BC26,0)) | BE26: =IF(ISBLANK(Q26),"",ROUND(Q26/BC26,0))
AW27: =IF(D27="","",VLOOKUP(D27,'MNB árfolyam'!A:B,2,0)) | AX27: =IF(ISBLANK(F27),"",ROUND(F27/AW27,0)) | AY27: =IF(ISBLANK(G27),"",ROUND(G27/AW27,0)) | AZ27: =IF(I27="","",VLOOKUP(I27,'MNB árfolyam'!A:B,2,0)) | BA27: =IF(ISBLANK(K27),"",ROUND(K27/AZ27,0)) | BB27: =IF(ISBLANK(L27),"",ROUND(L27/AZ27,0)) | BC27: =IF(N27="","",VLOOKUP(N27,'MNB árfolyam'!A:B,2,0)) | BD27: =IF(ISBLANK(P27),"",ROUND(P27/BC27,0)) | BE27: =IF(ISBLANK(Q27),"",ROUND(Q27/BC27,0))
AW28: =IF(D28="","",VLOOKUP(D28,'MNB árfolyam'!A:B,2,0)) | AX28: =IF(ISBLANK(F28),"",ROUND(F28/AW28,0)) | AY28: =IF(ISBLANK(G28),"",ROUND(G28/AW28,0)) | AZ28: =IF(I28="","",VLOOKUP(I28,'MNB árfolyam'!A:B,2,0)) | BA28: =IF(ISBLANK(K28),"",ROUND(K28/AZ28,0)) | BB28: =IF(ISBLANK(L28),"",ROUND(L28/AZ28,0)) | BC28: =IF(N28="","",VLOOKUP(N28,'MNB árfolyam'!A:B,2,0)) | BD28: =IF(ISBLANK(P28),"",ROUND(P28/BC28,0)) | BE28: =IF(ISBLANK(Q28),"",ROUND(Q28/BC28,0))
AW29: =IF(D29="","",VLOOKUP(D29,'MNB árfolyam'!A:B,2,0)) | AX29: =IF(ISBLANK(F29),"",ROUND(F29/AW29,0)) | AY29: =IF(ISBLANK(G29),"",ROUND(G29/AW29,0)) | AZ29: =IF(I29="","",VLOOKUP(I29,'MNB árfolyam'!A:B,2,0)) | BA29: =IF(ISBLANK(K29),"",ROUND(K29/AZ29,0)) | BB29: =IF(ISBLANK(L29),"",ROUND(L29/AZ29,0)) | BC29: =IF(N29="","",VLOOKUP(N29,'MNB árfolyam'!A:B,2,0)) | BD29: =IF(ISBLANK(P29),"",ROUND(P29/BC29,0)) | BE29: =IF(ISBLANK(Q29),"",ROUND(Q29/BC29,0))
AW30: =IF(D30="","",VLOOKUP(D30,'MNB árfolyam'!A:B,2,0)) | AX30: =IF(ISBLANK(F30),"",ROUND(F30/AW30,0)) | AY30: =IF(ISBLANK(G30),"",ROUND(G30/AW30,0)) | AZ30: =IF(I30="","",VLOOKUP(I30,'MNB árfolyam'!A:B,2,0)) | BA30: =IF(ISBLANK(K30),"",ROUND(K30/AZ30,0)) | BB30: =IF(ISBLANK(L30),"",ROUND(L30/AZ30,0)) | BC30: =IF(N30="","",VLOOKUP(N30,'MNB árfolyam'!A:B,2,0)) | BD30: =IF(ISBLANK(P30),"",ROUND(P30/BC30,0)) | BE30: =IF(ISBLANK(Q30),"",ROUND(Q30/BC30,0))
AW31: =IF(D31="","",VLOOKUP(D31,'MNB árfolyam'!A:B,2,0)) | AX31: =IF(ISBLANK(F31),"",ROUND(F31/AW31,0)) | AY31: =IF(ISBLANK(G31),"",ROUND(G31/AW31,0)) | AZ31: =IF(I31="","",VLOOKUP(I31,'MNB árfolyam'!A:B,2,0)) | BA31: =IF(ISBLANK(K31),"",ROUND(K31/AZ31,0)) | BB31: =IF(ISBLANK(L31),"",ROUND(L31/AZ31,0)) | BC31: =IF(N31="","",VLOOKUP(N31,'MNB árfolyam'!A:B,2,0)) | BD31: =IF(ISBLANK(P31),"",ROUND(P31/BC31,0)) | BE31: =IF(ISBLANK(Q31),"",ROUND(Q31/BC31,0))
AW32: =IF(D32="","",VLOOKUP(D32,'MNB árfolyam'!A:B,2,0)) | AX32: =IF(ISBLANK(F32),"",ROUND(F32/AW32,0)) | AY32: =IF(ISBLANK(G32),"",ROUND(G32/AW32,0)) | AZ32: =IF(I32="","",VLOOKUP(I32,'MNB árfolyam'!A:B,2,0)) | BA32: =IF(ISBLANK(K32),"",ROUND(K32/AZ32,0)) | BB32: =IF(ISBLANK(L32),"",ROUND(L32/AZ32,0)) | BC32: =IF(N32="","",VLOOKUP(N32,'MNB árfolyam'!A:B,2,0)) | BD32: =IF(ISBLANK(P32),"",ROUND(P32/BC32,0)) | BE32: =IF(ISBLANK(Q32),"",ROUND(Q32/BC32,0))
AW33: =IF(D33="","",VLOOKUP(D33,'MNB árfolyam'!A:B,2,0)) | AX33: =IF(ISBLANK(F33),"",ROUND(F33/AW33,0)) | AY33: =IF(ISBLANK(G33),"",ROUND(G33/AW33,0)) | AZ33: =IF(I33="","",VLOOKUP(I33,'MNB árfolyam'!A:B,2,0)) | BA33: =IF(ISBLANK(K33),"",ROUND(K33/AZ33,0)) | BB33: =IF(ISBLANK(L33),"",ROUND(L33/AZ33,0)) | BC33: =IF(N33="","",VLOOKUP(N33,'MNB árfolyam'!A:B,2,0)) | BD33: =IF(ISBLANK(P33),"",ROUND(P33/BC33,0)) | BE33: =IF(ISBLANK(Q33),"",ROUND(Q33/BC33,0))
AW34: =IF(D34="","",VLOOKUP(D34,'MNB árfolyam'!A:B,2,0)) | AX34: =IF(ISBLANK(F34),"",ROUND(F34/AW34,0)) | AY34: =IF(ISBLANK(G34),"",ROUND(G34/AW34,0)) | AZ34: =IF(I34="","",VLOOKUP(I34,'MNB árfolyam'!A:B,2,0)) | BA34: =IF(ISBLANK(K34),"",ROUND(K34/AZ34,0)) | BB34: =IF(ISBLANK(L34),"",ROUND(L34/AZ34,0)) | BC34: =IF(N34="","",VLOOKUP(N34,'MNB árfolyam'!A:B,2,0)) | BD34: =IF(ISBLANK(P34),"",ROUND(P34/BC34,0)) | BE34: =IF(ISBLANK(Q34),"",ROUND(Q34/BC34,0))
AW35: =IF(D35="","",VLOOKUP(D35,'MNB árfolyam'!A:B,2,0)) | AX35: =IF(ISBLANK(F35),"",ROUND(F35/AW35,0)) | AY35: =IF(ISBLANK(G35),"",ROUND(G35/AW35,0)) | AZ35: =IF(I35="","",VLOOKUP(I35,'MNB árfolyam'!A:B,2,0)) | BA35: =IF(ISBLANK(K35),"",ROUND(K35/AZ35,0)) | BB35: =IF(ISBLANK(L35),"",ROUND(L35/AZ35,0)) | BC35: =IF(N35="","",VLOOKUP(N35,'MNB árfolyam'!A:B,2,0)) | BD35: =IF(ISBLANK(P35),"",ROUND(P35/BC35,0)) | BE35: =IF(ISBLANK(Q35),"",ROUND(Q35/BC35,0))
AW36: =IF(D36="","",VLOOKUP(D36,'MNB árfolyam'!A:B,2,0)) | AX36: =IF(ISBLANK(F36),"",ROUND(F36/AW36,0)) | AY36: =IF(ISBLANK(G36),"",ROUND(G36/AW36,0)) | AZ36: =IF(I36="","",VLOOKUP(I36,'MNB árfolyam'!A:B,2,0)) | BA36: =IF(ISBLANK(K36),"",ROUND(K36/AZ36,0)) | BB36: =IF(ISBLANK(L36),"",ROUND(L36/AZ36,0)) | BC36: =IF(N36="","",VLOOKUP(N36,'MNB árfolyam'!A:B,2,0)) | BD36: =IF(ISBLANK(P36),"",ROUND(P36/BC36,0)) | BE36: =IF(ISBLANK(Q36),"",ROUND(Q36/BC36,0))
AW37: =IF(D37="","",VLOOKUP(D37,'MNB árfolyam'!A:B,2,0)) | AX37: =IF(ISBLANK(F37),"",ROUND(F37/AW37,0)) | AY37: =IF(ISBLANK(G37),"",ROUND(G37/AW37,0)) | AZ37: =IF(I37="","",VLOOKUP(I37,'MNB árfolyam'!A:B,2,0)) | BA37: =IF(ISBLANK(K37),"",ROUND(K37/AZ37,0)) | BB37: =IF(ISBLANK(L37),"",ROUND(L37/AZ37,0)) | BC37: =IF(N37="","",VLOOKUP(N37,'MNB árfolyam'!A:B,2,0)) | BD37: =IF(ISBLANK(P37),"",ROUND(P37/BC37,0)) | BE37: =IF(ISBLANK(Q37),"",ROUND(Q37/BC37,0))
... AW50: =IF(D50="","",VLOOKUP(D50,'MNB árfolyam'!A:B,2,0)) | AX50: =IF(ISBLANK(F50),"",ROUND(F50/AW50,0)) | AY50: =IF(ISBLANK(G50),"",ROUND(G50/AW50,0)) | AZ50: =IF(I50="","",VLOOKUP(I50,'MNB árfolyam'!A:B,2,0)) | BA50: =IF(ISBLANK(K50),"",ROUND(K50/AZ50,0)) | BB50: =IF(ISBLANK(L50),"",ROUND(L50/AZ50,0)) | BC50: =IF(N50="","",VLOOKUP(N50,'MNB árfolyam'!A:B,2,0)) | BD50: =IF(ISBLANK(P50),"",ROUND(P50/BC50,0)) | BE50: =IF(ISBLANK(Q50),"",ROUND(Q50/BC50,0))
A52: =CONCATENATE("III. BLOKK: ",B8," ","PARTNER VÁLLALKOZÁSAI:") -> III. BLOKK: 0 PARTNER VÁLLALKOZÁSAI:
A53: Meg kell vizsgálni, hogy a pályázó vállalkozás kapcsolódó vállalkozása mely vállalkozásokkal áll PARTNERVÁLLALKOZÁSI kapcsolatban. Tehát mely vállalkozásoknak van 25%-ot elérő, de 50%-ot nem meghaladó befolyása a kapcsolódó vállalkozásban, és a kapcsolódó vállalkozás mely vállalkozásokban rendelkezik ilyen mértékű befolyással. Annyi évre vonatkozóan szükséges adatot szolgáltatni, amennyi lezárt üzleti évvel a pályázó vállalkozás rendelkezik. FONTOS TUDNIVALÓK: Ha a pályázó vállalkozásnak csak egy vagy két lezárt üzleti éve van, az itt feltüntetett vállalkozásoknak is csak azokra az évekre szükséges feltüntetni az adatait. Amennyiben a pályázó vállalkozás rendelkezik 2025. évre szóló beszámolóval (N év adata), ugyanakkor a partner vállalkozásoknak még nem készült el a beszámolója, kérjük az üzleti év kezdete és vége adatokat töltse fel, de más adatokat az N évre vonatkozóan nem szükséges feltüntetni. Amennyiben a partner vállalkozások rendelkeznek 2025. évi beszámolóval, de a pályázó vállalkozás nem, a 2025. évi adatokat nem kell feltüntetni. Amennyiben a vállalkozás esetén beszámoló közzétételi kötelezettség áll fenn, az adatokat a https://e-beszamolo.im.gov.hu/oldal/kezdolap oldalról letölthető beszámolóival összhangban adja meg. Amennyiben beszámoló készítésére nem kötelezett a vállalkozás, akkor az adóbevallásban, illetve a nyilvántartásokban (pl. foglalkoztatottak száma) szerepelnek a releváns adatok, ebben az esetben a mérlegfőösszeg nem értelmezhető, ezért nem szükséges kitölteni. Kérjük, a kitöltésnél ügyeljen arra, hogy az e-beszámoló felületen az adatok ezer vagy millió forintban kerülnek feltüntetésre. Továbbá előfordulhat, hogy a beszámoló forinttól eltérő devizában készült. Kérjük, hogy a táblázatban a pontos összeget rögzítse, forintban megadva! Speciális esetek: Előfordulhat, hogy az alábbiak közül valamelyik üzleti év csak tört évként értelmezhető a partner vállalkozásnál. Ebben az esetben az árbevétel adatot évesíteni szükséges, a létszám adatot és a mérlegfőösszeget - ha az értelmezhető - azonban nem. Évesített árbevétel = (Tört év árbevétele / a beszámolóban szereplő működési napok száma) × az adott év napjainak száma Amennyiben valamely üzleti évre adónem áttérés miatt két beszámoló készült, a következők szerint kell eljárni: az árbevétel adatokat össze kell adni, a két létszám adatból átlagot kell számolni, a mérlegfőösszeg adat esetén pedig az időben frissebb (második) adatot kell feltüntetni. Átlagos létszám = (Első beszámoló létszáma + Második beszámoló létszáma) / 2 N = utolsó lezárt üzleti év, N-1 = utolsó előtti lezárt év, N-2 = utolsó előtti lezárt évet megelőző év.
A54: =IF(PÁLYÁZÓ!D16<>"","A pályázó vállalkozás három üzleti évre adta meg az adatokat, ezért ezen vállalkozások esetében is három évre kérünk adatot, ha a vállalkozások működtek ebben az időtartamban.",IF(PÁLYÁZÓ!D15<>"","A pályázó vállalkozás két üzleti évre adta meg az adatokat, ezért ezen vállalkozások esetén is két évre kérünk adatot, ha a vállalkozások működtek ebben az időtartamban.",IF(PÁLYÁZÓ!D14<>"","A pályázó vállalkozás egy üzleti évre adta meg az adatokat, ezért ezen vállalkozások esetén is egy évre kérünk adatot, ha a vállalkozások működtek ebben az időtartamban.",""))) | G54: =SUM(G56:G80) -> 0 | N54: =SUM(N56:N80) -> 0 | U54: =SUM(U56:U80) -> 0 | BI54: =SUM(BI56:BI80) -> 0 | BJ54: =SUM(BJ56:BJ80) -> 0 | BK54: =SUM(BK56:BK80) -> 0 | BL54: =SUM(BL56:BL80) -> 0 | BM54: =SUM(BM56:BM80) -> 0 | BN54: =SUM(BN56:BN80) -> 0 | BO54: =SUM(BO56:BO80) -> 0 | BP54: =SUM(BP56:BP80) -> 0 | BQ54: =SUM(BQ56:BQ80) -> 0
A55: =CONCATENATE(B8," ","Partnervállalkozásának megnevezése") -> 0 Partnervállalkozásának megnevezése | B55: Partnervállalkozás adószáma | C55: N üzleti év tőkeérdekeltség aránya | D55: N üzleti év szavazati arány | E55: N üzleti év kezdete | F55: N üzleti év vége | G55: N üzleti évben átlagosan foglalkoztatottak száma (fő) | H55: N üzleti év éves nettó árbevétele (Ft) | I55: N üzleti év mérlegfőösszege (Ft) | J55: N-1 üzleti év tőkeérdekeltség aránya | K55: N-1 üzleti év szavazati arány | L55: N-1 üzleti év kezdete | M55: N-1 üzleti év vége | N55: N-1 üzleti évben átlagosan foglalkoztatottak száma (fő) | O55: N-1 üzleti év éves nettó árbevétele (Ft) | P55: N-1 üzleti év mérlegfőösszege (Ft) | Q55: N-2 üzleti év tőkeérdekeltség aránya | R55: N-2 üzleti év szavazati arány | S55: N-2 üzleti év kezdete | T55: N-2 üzleti év vége | U55: N-2 üzleti évben átlagosan foglalkoztatottak száma (fő) | V55: N-2 üzleti év éves nettó árbevétele (Ft) | W55: N-2 üzleti év mérlegfőösszege (Ft) | AW55: N év Alkalmazott arány | AX55: N év Alkalmazott devizaközépárfolyam | AY55: N év Éves nettó árbevétel (euró) | AZ55: N év Mérlegfőösszeg (euró) | BA55: N-1 év Alkalmazott arány | BB55: N-1 év Alkalmazott devizaközépárfolyam | BC55: N-1 év Éves nettó árbevétel (euró) | BD55: N-1 év Mérlegfőösszeg (euró) | BE55: N-2 év Alkalmazott arány | BF55: N-2 év Alkalmazott devizaközépárfolyam | BG55: N-2 év Éves nettó árbevétel (euró) | BH55: N-2 év Mérlegfőösszeg (euró) | BI55: N év Arányosan foglalkoztatottak száma (fő) | BJ55: N év Éves arányosított nettó árbevétel (euró) | BK55: N év Arányosított mérlegfőösszeg (euró) | BL55: N-1 év Arányosan foglalkoztatottak száma (fő) | BM55: N-1 év Éves arányosított nettó árbevétel (euró) | BN55: N-1 év Arányosított mérlegfőösszeg (euró) | BO55: N-2 év Arányosan foglalkoztatottak száma (fő) | BP55: N-2 év Éves arányosított nettó árbevétel (euró) | BQ55: N-2 év Arányosított mérlegfőösszeg (euró)
AW56: =IF(OR(C56="",D56=""),"",MAX(C56,D56)) | AX56: =IF(F56="","",VLOOKUP(F56,'MNB árfolyam'!A:B,2,0)) | AY56: =IF(OR(AX56=0,AX56=""),"",ROUND(H56/AX56,0)) | AZ56: =IF(OR(AX56=0,AX56=""),"",ROUND(I56/AX56,0)) | BA56: =IF(OR(J56="",K56=""),"",MAX(J56,K56)) | BB56: =IF(M56="","",VLOOKUP(M56,'MNB árfolyam'!A:B,2,0)) | BC56: =IF(OR(BB56=0,BB56=""),"",ROUND(O56/BB56,0)) | BD56: =IF(OR(BB56=0,BB56=""),"",ROUND(P56/BB56,0)) | BE56: =IF(OR(Q56="",R56=""),"",MAX(Q56,R56)) | BF56: =IF(T56="","",VLOOKUP(T56,'MNB árfolyam'!A:B,2,0)) | BG56: =IF(OR(BF56=0,BF56=""),"",ROUND(V56/BF56,0)) | BH56: =IF(OR(BF56=0,BF56=""),"",ROUND(W56/BF56,0)) | BI56: =IF(OR(AW56="",G56=""),"",AW56*G56) | BJ56: =IF(OR(AW56="",AY56=""),"",AW56*AY56) | BK56: =IF(OR(AW56="",AZ56=""),"",AW56*AZ56) | BL56: =IF(OR(BA56="",N56=""),"",BA56*N56) | BM56: =IF(OR(BA56="",BC56=""),"",BA56*BC56) | BN56: =IF(OR(BA56="",BD56=""),"",BA56*BD56) | BO56: =IF(OR(BE56="",U56=""),"",BE56*U56) | BP56: =IF(OR(BE56="",BG56=""),"",BE56*BG56) | BQ56: =IF(OR(BE56="",BH56=""),"",BE56*BH56)
AW57: =IF(OR(C57="",D57=""),"",MAX(C57,D57)) | AX57: =IF(F57="","",VLOOKUP(F57,'MNB árfolyam'!A:B,2,0)) | AY57: =IF(OR(AX57=0,AX57=""),"",ROUND(H57/AX57,0)) | AZ57: =IF(OR(AX57=0,AX57=""),"",ROUND(I57/AX57,0)) | BA57: =IF(OR(J57="",K57=""),"",MAX(J57,K57)) | BB57: =IF(M57="","",VLOOKUP(M57,'MNB árfolyam'!A:B,2,0)) | BC57: =IF(OR(BB57=0,BB57=""),"",ROUND(O57/BB57,0)) | BD57: =IF(OR(BB57=0,BB57=""),"",ROUND(P57/BB57,0)) | BE57: =IF(OR(Q57="",R57=""),"",MAX(Q57,R57)) | BF57: =IF(T57="","",VLOOKUP(T57,'MNB árfolyam'!A:B,2,0)) | BG57: =IF(OR(BF57=0,BF57=""),"",ROUND(V57/BF57,0)) | BH57: =IF(OR(BF57=0,BF57=""),"",ROUND(W57/BF57,0)) | BI57: =IF(OR(AW57="",G57=""),"",AW57*G57) | BJ57: =IF(OR(AW57="",AY57=""),"",AW57*AY57) | BK57: =IF(OR(AW57="",AZ57=""),"",AW57*AZ57) | BL57: =IF(OR(BA57="",N57=""),"",BA57*N57) | BM57: =IF(OR(BA57="",BC57=""),"",BA57*BC57) | BN57: =IF(OR(BA57="",BD57=""),"",BA57*BD57) | BO57: =IF(OR(BE57="",U57=""),"",BE57*U57) | BP57: =IF(OR(BE57="",BG57=""),"",BE57*BG57) | BQ57: =IF(OR(BE57="",BH57=""),"",BE57*BH57)
AW58: =IF(OR(C58="",D58=""),"",MAX(C58,D58)) | AX58: =IF(F58="","",VLOOKUP(F58,'MNB árfolyam'!A:B,2,0)) | AY58: =IF(OR(AX58=0,AX58=""),"",ROUND(H58/AX58,0)) | AZ58: =IF(OR(AX58=0,AX58=""),"",ROUND(I58/AX58,0)) | BA58: =IF(OR(J58="",K58=""),"",MAX(J58,K58)) | BB58: =IF(M58="","",VLOOKUP(M58,'MNB árfolyam'!A:B,2,0)) | BC58: =IF(OR(BB58=0,BB58=""),"",ROUND(O58/BB58,0)) | BD58: =IF(OR(BB58=0,BB58=""),"",ROUND(P58/BB58,0)) | BE58: =IF(OR(Q58="",R58=""),"",MAX(Q58,R58)) | BF58: =IF(T58="","",VLOOKUP(T58,'MNB árfolyam'!A:B,2,0)) | BG58: =IF(OR(BF58=0,BF58=""),"",ROUND(V58/BF58,0)) | BH58: =IF(OR(BF58=0,BF58=""),"",ROUND(W58/BF58,0)) | BI58: =IF(OR(AW58="",G58=""),"",AW58*G58) | BJ58: =IF(OR(AW58="",AY58=""),"",AW58*AY58) | BK58: =IF(OR(AW58="",AZ58=""),"",AW58*AZ58) | BL58: =IF(OR(BA58="",N58=""),"",BA58*N58) | BM58: =IF(OR(BA58="",BC58=""),"",BA58*BC58) | BN58: =IF(OR(BA58="",BD58=""),"",BA58*BD58) | BO58: =IF(OR(BE58="",U58=""),"",BE58*U58) | BP58: =IF(OR(BE58="",BG58=""),"",BE58*BG58) | BQ58: =IF(OR(BE58="",BH58=""),"",BE58*BH58)
AW59: =IF(OR(C59="",D59=""),"",MAX(C59,D59)) | AX59: =IF(F59="","",VLOOKUP(F59,'MNB árfolyam'!A:B,2,0)) | AY59: =IF(OR(AX59=0,AX59=""),"",ROUND(H59/AX59,0)) | AZ59: =IF(OR(AX59=0,AX59=""),"",ROUND(I59/AX59,0)) | BA59: =IF(OR(J59="",K59=""),"",MAX(J59,K59)) | BB59: =IF(M59="","",VLOOKUP(M59,'MNB árfolyam'!A:B,2,0)) | BC59: =IF(OR(BB59=0,BB59=""),"",ROUND(O59/BB59,0)) | BD59: =IF(OR(BB59=0,BB59=""),"",ROUND(P59/BB59,0)) | BE59: =IF(OR(Q59="",R59=""),"",MAX(Q59,R59)) | BF59: =IF(T59="","",VLOOKUP(T59,'MNB árfolyam'!A:B,2,0)) | BG59: =IF(OR(BF59=0,BF59=""),"",ROUND(V59/BF59,0)) | BH59: =IF(OR(BF59=0,BF59=""),"",ROUND(W59/BF59,0)) | BI59: =IF(OR(AW59="",G59=""),"",AW59*G59) | BJ59: =IF(OR(AW59="",AY59=""),"",AW59*AY59) | BK59: =IF(OR(AW59="",AZ59=""),"",AW59*AZ59) | BL59: =IF(OR(BA59="",N59=""),"",BA59*N59) | BM59: =IF(OR(BA59="",BC59=""),"",BA59*BC59) | BN59: =IF(OR(BA59="",BD59=""),"",BA59*BD59) | BO59: =IF(OR(BE59="",U59=""),"",BE59*U59) | BP59: =IF(OR(BE59="",BG59=""),"",BE59*BG59) | BQ59: =IF(OR(BE59="",BH59=""),"",BE59*BH59)
AW60: =IF(OR(C60="",D60=""),"",MAX(C60,D60)) | AX60: =IF(F60="","",VLOOKUP(F60,'MNB árfolyam'!A:B,2,0)) | AY60: =IF(OR(AX60=0,AX60=""),"",ROUND(H60/AX60,0)) | AZ60: =IF(OR(AX60=0,AX60=""),"",ROUND(I60/AX60,0)) | BA60: =IF(OR(J60="",K60=""),"",MAX(J60,K60)) | BB60: =IF(M60="","",VLOOKUP(M60,'MNB árfolyam'!A:B,2,0)) | BC60: =IF(OR(BB60=0,BB60=""),"",ROUND(O60/BB60,0)) | BD60: =IF(OR(BB60=0,BB60=""),"",ROUND(P60/BB60,0)) | BE60: =IF(OR(Q60="",R60=""),"",MAX(Q60,R60)) | BF60: =IF(T60="","",VLOOKUP(T60,'MNB árfolyam'!A:B,2,0)) | BG60: =IF(OR(BF60=0,BF60=""),"",ROUND(V60/BF60,0)) | BH60: =IF(OR(BF60=0,BF60=""),"",ROUND(W60/BF60,0)) | BI60: =IF(OR(AW60="",G60=""),"",AW60*G60) | BJ60: =IF(OR(AW60="",AY60=""),"",AW60*AY60) | BK60: =IF(OR(AW60="",AZ60=""),"",AW60*AZ60) | BL60: =IF(OR(BA60="",N60=""),"",BA60*N60) | BM60: =IF(OR(BA60="",BC60=""),"",BA60*BC60) | BN60: =IF(OR(BA60="",BD60=""),"",BA60*BD60) | BO60: =IF(OR(BE60="",U60=""),"",BE60*U60) | BP60: =IF(OR(BE60="",BG60=""),"",BE60*BG60) | BQ60: =IF(OR(BE60="",BH60=""),"",BE60*BH60)
AW61: =IF(OR(C61="",D61=""),"",MAX(C61,D61)) | AX61: =IF(F61="","",VLOOKUP(F61,'MNB árfolyam'!A:B,2,0)) | AY61: =IF(OR(AX61=0,AX61=""),"",ROUND(H61/AX61,0)) | AZ61: =IF(OR(AX61=0,AX61=""),"",ROUND(I61/AX61,0)) | BA61: =IF(OR(J61="",K61=""),"",MAX(J61,K61)) | BB61: =IF(M61="","",VLOOKUP(M61,'MNB árfolyam'!A:B,2,0)) | BC61: =IF(OR(BB61=0,BB61=""),"",ROUND(O61/BB61,0)) | BD61: =IF(OR(BB61=0,BB61=""),"",ROUND(P61/BB61,0)) | BE61: =IF(OR(Q61="",R61=""),"",MAX(Q61,R61)) | BF61: =IF(T61="","",VLOOKUP(T61,'MNB árfolyam'!A:B,2,0)) | BG61: =IF(OR(BF61=0,BF61=""),"",ROUND(V61/BF61,0)) | BH61: =IF(OR(BF61=0,BF61=""),"",ROUND(W61/BF61,0)) | BI61: =IF(OR(AW61="",G61=""),"",AW61*G61) | BJ61: =IF(OR(AW61="",AY61=""),"",AW61*AY61) | BK61: =IF(OR(AW61="",AZ61=""),"",AW61*AZ61) | BL61: =IF(OR(BA61="",N61=""),"",BA61*N61) | BM61: =IF(OR(BA61="",BC61=""),"",BA61*BC61) | BN61: =IF(OR(BA61="",BD61=""),"",BA61*BD61) | BO61: =IF(OR(BE61="",U61=""),"",BE61*U61) | BP61: =IF(OR(BE61="",BG61=""),"",BE61*BG61) | BQ61: =IF(OR(BE61="",BH61=""),"",BE61*BH61)
AW62: =IF(OR(C62="",D62=""),"",MAX(C62,D62)) | AX62: =IF(F62="","",VLOOKUP(F62,'MNB árfolyam'!A:B,2,0)) | AY62: =IF(OR(AX62=0,AX62=""),"",ROUND(H62/AX62,0)) | AZ62: =IF(OR(AX62=0,AX62=""),"",ROUND(I62/AX62,0)) | BA62: =IF(OR(J62="",K62=""),"",MAX(J62,K62)) | BB62: =IF(M62="","",VLOOKUP(M62,'MNB árfolyam'!A:B,2,0)) | BC62: =IF(OR(BB62=0,BB62=""),"",ROUND(O62/BB62,0)) | BD62: =IF(OR(BB62=0,BB62=""),"",ROUND(P62/BB62,0)) | BE62: =IF(OR(Q62="",R62=""),"",MAX(Q62,R62)) | BF62: =IF(T62="","",VLOOKUP(T62,'MNB árfolyam'!A:B,2,0)) | BG62: =IF(OR(BF62=0,BF62=""),"",ROUND(V62/BF62,0)) | BH62: =IF(OR(BF62=0,BF62=""),"",ROUND(W62/BF62,0)) | BI62: =IF(OR(AW62="",G62=""),"",AW62*G62) | BJ62: =IF(OR(AW62="",AY62=""),"",AW62*AY62) | BK62: =IF(OR(AW62="",AZ62=""),"",AW62*AZ62) | BL62: =IF(OR(BA62="",N62=""),"",BA62*N62) | BM62: =IF(OR(BA62="",BC62=""),"",BA62*BC62) | BN62: =IF(OR(BA62="",BD62=""),"",BA62*BD62) | BO62: =IF(OR(BE62="",U62=""),"",BE62*U62) | BP62: =IF(OR(BE62="",BG62=""),"",BE62*BG62) | BQ62: =IF(OR(BE62="",BH62=""),"",BE62*BH62)
AW63: =IF(OR(C63="",D63=""),"",MAX(C63,D63)) | AX63: =IF(F63="","",VLOOKUP(F63,'MNB árfolyam'!A:B,2,0)) | AY63: =IF(OR(AX63=0,AX63=""),"",ROUND(H63/AX63,0)) | AZ63: =IF(OR(AX63=0,AX63=""),"",ROUND(I63/AX63,0)) | BA63: =IF(OR(J63="",K63=""),"",MAX(J63,K63)) | BB63: =IF(M63="","",VLOOKUP(M63,'MNB árfolyam'!A:B,2,0)) | BC63: =IF(OR(BB63=0,BB63=""),"",ROUND(O63/BB63,0)) | BD63: =IF(OR(BB63=0,BB63=""),"",ROUND(P63/BB63,0)) | BE63: =IF(OR(Q63="",R63=""),"",MAX(Q63,R63)) | BF63: =IF(T63="","",VLOOKUP(T63,'MNB árfolyam'!A:B,2,0)) | BG63: =IF(OR(BF63=0,BF63=""),"",ROUND(V63/BF63,0)) | BH63: =IF(OR(BF63=0,BF63=""),"",ROUND(W63/BF63,0)) | BI63: =IF(OR(AW63="",G63=""),"",AW63*G63) | BJ63: =IF(OR(AW63="",AY63=""),"",AW63*AY63) | BK63: =IF(OR(AW63="",AZ63=""),"",AW63*AZ63) | BL63: =IF(OR(BA63="",N63=""),"",BA63*N63) | BM63: =IF(OR(BA63="",BC63=""),"",BA63*BC63) | BN63: =IF(OR(BA63="",BD63=""),"",BA63*BD63) | BO63: =IF(OR(BE63="",U63=""),"",BE63*U63) | BP63: =IF(OR(BE63="",BG63=""),"",BE63*BG63) | BQ63: =IF(OR(BE63="",BH63=""),"",BE63*BH63)
AW64: =IF(OR(C64="",D64=""),"",MAX(C64,D64)) | AX64: =IF(F64="","",VLOOKUP(F64,'MNB árfolyam'!A:B,2,0)) | AY64: =IF(OR(AX64=0,AX64=""),"",ROUND(H64/AX64,0)) | AZ64: =IF(OR(AX64=0,AX64=""),"",ROUND(I64/AX64,0)) | BA64: =IF(OR(J64="",K64=""),"",MAX(J64,K64)) | BB64: =IF(M64="","",VLOOKUP(M64,'MNB árfolyam'!A:B,2,0)) | BC64: =IF(OR(BB64=0,BB64=""),"",ROUND(O64/BB64,0)) | BD64: =IF(OR(BB64=0,BB64=""),"",ROUND(P64/BB64,0)) | BE64: =IF(OR(Q64="",R64=""),"",MAX(Q64,R64)) | BF64: =IF(T64="","",VLOOKUP(T64,'MNB árfolyam'!A:B,2,0)) | BG64: =IF(OR(BF64=0,BF64=""),"",ROUND(V64/BF64,0)) | BH64: =IF(OR(BF64=0,BF64=""),"",ROUND(W64/BF64,0)) | BI64: =IF(OR(AW64="",G64=""),"",AW64*G64) | BJ64: =IF(OR(AW64="",AY64=""),"",AW64*AY64) | BK64: =IF(OR(AW64="",AZ64=""),"",AW64*AZ64) | BL64: =IF(OR(BA64="",N64=""),"",BA64*N64) | BM64: =IF(OR(BA64="",BC64=""),"",BA64*BC64) | BN64: =IF(OR(BA64="",BD64=""),"",BA64*BD64) | BO64: =IF(OR(BE64="",U64=""),"",BE64*U64) | BP64: =IF(OR(BE64="",BG64=""),"",BE64*BG64) | BQ64: =IF(OR(BE64="",BH64=""),"",BE64*BH64)
AW65: =IF(OR(C65="",D65=""),"",MAX(C65,D65)) | AX65: =IF(F65="","",VLOOKUP(F65,'MNB árfolyam'!A:B,2,0)) | AY65: =IF(OR(AX65=0,AX65=""),"",ROUND(H65/AX65,0)) | AZ65: =IF(OR(AX65=0,AX65=""),"",ROUND(I65/AX65,0)) | BA65: =IF(OR(J65="",K65=""),"",MAX(J65,K65)) | BB65: =IF(M65="","",VLOOKUP(M65,'MNB árfolyam'!A:B,2,0)) | BC65: =IF(OR(BB65=0,BB65=""),"",ROUND(O65/BB65,0)) | BD65: =IF(OR(BB65=0,BB65=""),"",ROUND(P65/BB65,0)) | BE65: =IF(OR(Q65="",R65=""),"",MAX(Q65,R65)) | BF65: =IF(T65="","",VLOOKUP(T65,'MNB árfolyam'!A:B,2,0)) | BG65: =IF(OR(BF65=0,BF65=""),"",ROUND(V65/BF65,0)) | BH65: =IF(OR(BF65=0,BF65=""),"",ROUND(W65/BF65,0)) | BI65: =IF(OR(AW65="",G65=""),"",AW65*G65) | BJ65: =IF(OR(AW65="",AY65=""),"",AW65*AY65) | BK65: =IF(OR(AW65="",AZ65=""),"",AW65*AZ65) | BL65: =IF(OR(BA65="",N65=""),"",BA65*N65) | BM65: =IF(OR(BA65="",BC65=""),"",BA65*BC65) | BN65: =IF(OR(BA65="",BD65=""),"",BA65*BD65) | BO65: =IF(OR(BE65="",U65=""),"",BE65*U65) | BP65: =IF(OR(BE65="",BG65=""),"",BE65*BG65) | BQ65: =IF(OR(BE65="",BH65=""),"",BE65*BH65)
AW66: =IF(OR(C66="",D66=""),"",MAX(C66,D66)) | AX66: =IF(F66="","",VLOOKUP(F66,'MNB árfolyam'!A:B,2,0)) | AY66: =IF(OR(AX66=0,AX66=""),"",ROUND(H66/AX66,0)) | AZ66: =IF(OR(AX66=0,AX66=""),"",ROUND(I66/AX66,0)) | BA66: =IF(OR(J66="",K66=""),"",MAX(J66,K66)) | BB66: =IF(M66="","",VLOOKUP(M66,'MNB árfolyam'!A:B,2,0)) | BC66: =IF(OR(BB66=0,BB66=""),"",ROUND(O66/BB66,0)) | BD66: =IF(OR(BB66=0,BB66=""),"",ROUND(P66/BB66,0)) | BE66: =IF(OR(Q66="",R66=""),"",MAX(Q66,R66)) | BF66: =IF(T66="","",VLOOKUP(T66,'MNB árfolyam'!A:B,2,0)) | BG66: =IF(OR(BF66=0,BF66=""),"",ROUND(V66/BF66,0)) | BH66: =IF(OR(BF66=0,BF66=""),"",ROUND(W66/BF66,0)) | BI66: =IF(OR(AW66="",G66=""),"",AW66*G66) | BJ66: =IF(OR(AW66="",AY66=""),"",AW66*AY66) | BK66: =IF(OR(AW66="",AZ66=""),"",AW66*AZ66) | BL66: =IF(OR(BA66="",N66=""),"",BA66*N66) | BM66: =IF(OR(BA66="",BC66=""),"",BA66*BC66) | BN66: =IF(OR(BA66="",BD66=""),"",BA66*BD66) | BO66: =IF(OR(BE66="",U66=""),"",BE66*U66) | BP66: =IF(OR(BE66="",BG66=""),"",BE66*BG66) | BQ66: =IF(OR(BE66="",BH66=""),"",BE66*BH66)
AW67: =IF(OR(C67="",D67=""),"",MAX(C67,D67)) | AX67: =IF(F67="","",VLOOKUP(F67,'MNB árfolyam'!A:B,2,0)) | AY67: =IF(OR(AX67=0,AX67=""),"",ROUND(H67/AX67,0)) | AZ67: =IF(OR(AX67=0,AX67=""),"",ROUND(I67/AX67,0)) | BA67: =IF(OR(J67="",K67=""),"",MAX(J67,K67)) | BB67: =IF(M67="","",VLOOKUP(M67,'MNB árfolyam'!A:B,2,0)) | BC67: =IF(OR(BB67=0,BB67=""),"",ROUND(O67/BB67,0)) | BD67: =IF(OR(BB67=0,BB67=""),"",ROUND(P67/BB67,0)) | BE67: =IF(OR(Q67="",R67=""),"",MAX(Q67,R67)) | BF67: =IF(T67="","",VLOOKUP(T67,'MNB árfolyam'!A:B,2,0)) | BG67: =IF(OR(BF67=0,BF67=""),"",ROUND(V67/BF67,0)) | BH67: =IF(OR(BF67=0,BF67=""),"",ROUND(W67/BF67,0)) | BI67: =IF(OR(AW67="",G67=""),"",AW67*G67) | BJ67: =IF(OR(AW67="",AY67=""),"",AW67*AY67) | BK67: =IF(OR(AW67="",AZ67=""),"",AW67*AZ67) | BL67: =IF(OR(BA67="",N67=""),"",BA67*N67) | BM67: =IF(OR(BA67="",BC67=""),"",BA67*BC67) | BN67: =IF(OR(BA67="",BD67=""),"",BA67*BD67) | BO67: =IF(OR(BE67="",U67=""),"",BE67*U67) | BP67: =IF(OR(BE67="",BG67=""),"",BE67*BG67) | BQ67: =IF(OR(BE67="",BH67=""),"",BE67*BH67)
... AW80: =IF(OR(C80="",D80=""),"",MAX(C80,D80)) | AX80: =IF(F80="","",VLOOKUP(F80,'MNB árfolyam'!A:B,2,0)) | AY80: =IF(OR(AX80=0,AX80=""),"",ROUND(H80/AX80,0)) | AZ80: =IF(OR(AX80=0,AX80=""),"",ROUND(I80/AX80,0)) | BA80: =IF(OR(J80="",K80=""),"",MAX(J80,K80)) | BB80: =IF(M80="","",VLOOKUP(M80,'MNB árfolyam'!A:B,2,0)) | BC80: =IF(OR(BB80=0,BB80=""),"",ROUND(O80/BB80,0)) | BD80: =IF(OR(BB80=0,BB80=""),"",ROUND(P80/BB80,0)) | BE80: =IF(OR(Q80="",R80=""),"",MAX(Q80,R80)) | BF80: =IF(T80="","",VLOOKUP(T80,'MNB árfolyam'!A:B,2,0)) | BG80: =IF(OR(BF80=0,BF80=""),"",ROUND(V80/BF80,0)) | BH80: =IF(OR(BF80=0,BF80=""),"",ROUND(W80/BF80,0)) | BI80: =IF(OR(AW80="",G80=""),"",AW80*G80) | BJ80: =IF(OR(AW80="",AY80=""),"",AW80*AY80) | BK80: =IF(OR(AW80="",AZ80=""),"",AW80*AZ80) | BL80: =IF(OR(BA80="",N80=""),"",BA80*N80) | BM80: =IF(OR(BA80="",BC80=""),"",BA80*BC80) | BN80: =IF(OR(BA80="",BD80=""),"",BA80*BD80) | BO80: =IF(OR(BE80="",U80=""),"",BE80*U80) | BP80: =IF(OR(BE80="",BG80=""),"",BE80*BG80) | BQ80: =IF(OR(BE80="",BH80=""),"",BE80*BH80)

Sheet KAPCSOLÓDÓ PIAC2
A1: Kapcsolódó vállalkozás összesítő (automatikusan töltődik, ezt a blokkot Önnek nem kell töltenie): | F1: VISSZA A PÁLYÁZÓ FÜLRE
B2: Üzleti évben átlagosan foglalkoztatottak száma (fő) | C2: Éves nettó árbevétel (euró) | D2: Mérlegfőösszeg (euró)
A3: N | B3: =D14+E24+BI54 -> 0 | C3: =AX14+AX24+BJ54 -> 0 | D3: =AY14+AY24+BK54 -> 0
A4: N-1 | B4: =D15+J24+BL54 -> 0 | C4: =AX15+BA24+BM54 -> 0 | D4: =AY15+BB24+BN54 -> 0
A5: N-2 | B5: =D16+O24+BO54 -> 0 | C5: =AX16+BD24+BP54 -> 0 | D5: =AY16+BE24+BQ54 -> 0
A7: I. BLOKK: KAPCSOLÓDÓ VÁLLALKOZÁS SAJÁT ADATAI:
A8: Kapcsolódó vállalkozás megnevezése (automatikusan töltődik a PÁLYÁZÓ munkalapról): | B8: =PÁLYÁZÓ!B87 -> 0
A9: Kapcsolódó vállalkozás adószáma (automatikusan töltődik a PÁLYÁZÓ munkalapról): | B9: =PÁLYÁZÓ!C87 -> 0
A11: Kérjük, adja meg ennek a vállalkozásnak a gazdálkodási adatait főszabály szerint az utolsó három lezárt üzleti évre vonatkozóan. FONTOS: Ha a pályázó vállalkozásnak csak egy vagy két lezárt üzleti éve van, ennek a vállalkozásnak is csak azokra az évekre szükséges feltüntetni az adatait. Amennyiben a pályázó vállalkozás rendelkezik 2025. évre szóló beszámolóval (N év adata), ugyanakkor a kapcsolódó vállalkozásnak még nem készült el a beszámolója, kérjük az üzleti év kezdete és vége adatokat töltse fel, de más adatokat az N évre vonatkozóan nem szükséges feltüntetni. Ha a kapcsolódó vállalkozás rendelkezik 2025 évi beszámolóval, de a pályázó vállalkozás még nem, akkor a 2025 évi beszámolót nem kell feltüntetni. Amennyiben a vállalkozás esetén beszámoló közzétételi kötelezettség áll fenn, az adatokat a https://e-beszamolo.im.gov.hu/oldal/kezdolap oldalról letölthető beszámolóival összhangban adja meg. Amennyiben beszámoló készítésére nem kötelezett a vállalkozás, akkor az adóbevallásban, illetve a nyilvántartásokban (pl. foglalkoztatottak száma) szerepelnek a releváns adatok, ebben az esetben a mérlegfőösszeg nem értelmezhető, ezért nem szükséges kitölteni. Kérjük, a kitöltésnél ügyeljen arra, hogy az e-beszámoló felületen az adatok ezer vagy millió forintban kerülnek feltüntetésre. Továbbá előfordulhat, hogy a beszámoló forinttól eltérő devizában készült. Kérjük, hogy a táblázatban a pontos összeget rögzítse, forintban megadva! Speciális esetek: Előfordulhat, hogy az alábbiak közül valamelyik üzleti év csak tört évként értelmezhető a kapcsolódó vállalkozásnál. Ebben az esetben az árbevétel adatot évesíteni szükséges, a létszám adatot és a mérlegfőösszeget - ha az értelmezhető - azonban nem. Évesített árbevétel = (Tört év árbevétele / a beszámolóban szereplő működési napok száma) × az adott év napjainak száma Amennyiben valamely üzleti évre adónem áttérés miatt két beszámoló készült, a következők szerint kell eljárni: az árbevétel adatokat össze kell adni, a két létszám adatból átlagot kell számolni, a mérlegfőösszeg adat esetén pedig az időben frissebb (második) adatot kell feltüntetni. Átlagos létszám = (Első beszámoló létszáma + Második beszámoló létszáma) / 2 N = utolsó lezárt üzleti év, N-1 = utolsó előtti lezárt év, N-2 = utolsó előtti lezárt évet megelőző év.
A12: =IF(PÁLYÁZÓ!D16<>"","A pályázó vállalkozás három üzleti évre adta meg az adatokat, ezért a kapcsolódó vállalkozás esetén is három évre kérünk adatot, ha a vállalkozás működött ebben az időtartamban.",IF(PÁLYÁZÓ!D15<>"","A pályázó vállalkozás két üzleti évre adta meg az adatokat, ezért a kapcsolódó vállalkozás esetén is két évre kérünk adatot, ha a vállalkozás működött ebben az időtartamban.",IF(PÁLYÁZÓ!D14<>"","A pályázó vállalkozás egy üzleti évre adta meg az adatokat, ezért a kapcsolódó vállalkozás esetén is egy évre kérünk adatot, ha a vállalkozás működött ebben az időtartamban.","")))
B13: Üzleti év kezdete | C13: Üzleti év vége | D13: Üzleti évben átlagosan foglalkoztatottak száma (fő) | E13: Éves nettó árbevétel (forint) | F13: Mérlegfőösszeg (Ft) | AW13: Alkalmazott devizaközépárfolyam | AX13: Éves nettó árbevétel (euró) | AY13: Mérlegfőösszeg (euró)
A14: N | AW14: =IF(C14="","",VLOOKUP(C14,'MNB árfolyam'!A:B,2,0)) | AX14: =IFERROR(ROUND(E14/AW14,0),0) -> 0 | AY14: =IFERROR(ROUND(F14/AW14,0),0) -> 0
A15: N-1 | AW15: =IF(C15="","",VLOOKUP(C15,'MNB árfolyam'!A:B,2,0)) | AX15: =IFERROR(ROUND(E15/AW15,0),0) -> 0 | AY15: =IFERROR(ROUND(F15/AW15,0),0) -> 0
A16: N-2 | AW16: =IF(C16="","",VLOOKUP(C16,'MNB árfolyam'!A:B,2,0)) | AX16: =IFERROR(ROUND(E16/AW16,0),0) -> 0 | AY16: =IFERROR(ROUND(F16/AW16,0),0) -> 0
A18: A KKV besorolás megállapításához a törvény alapján figyelembe kell venni a pályázó vállalkozás kapcsolódó vállalkozásának a kapcsolódó és partner vállalkozásait is.Figyelembe vesszük azokat a vállalkozásokat is, akik a pályázó kapcsolódó vállalkozását tulajdonolják, és azokat is, akikre a kapcsolódó vállalkozásnak van befolyása, ezért szerepelnek a nyilak két irányba a 3. ábrán. Az alábbi két külön táblázatba szükséges az adatokat feltüntetni.
A21: =CONCATENATE("II. BLOKK: ",B8," ","KAPCSOLÓDÓ VÁLLALKOZÁSAI:") -> II. BLOKK: 0 KAPCSOLÓDÓ VÁLLALKOZÁSAI:
A22: Az alábbiakban fel kell tüntetni a pályázó vállalkozás természetes személyen keresztüli kapcsolódó vállakozásának (amelyről ez a munkalap szól) a KAPCSOLÓDÓ VÁLLALKOZÁSAIT. Jelen esetben tehát azokat a vállalkozásokat, amelyekben a pályázó vállalkozás kapcsolódó vállalkozása 50%-nál nagyobb befolyással bír. Annyi évre vonatkozóan kell adatot szolgáltatni, amennyi lezárt üzleti évvel a pályázó vállalkozás rendelkezik. FONTOS TUDNIVALÓK: Ha a pályázó vállalkozásnak csak egy vagy két lezárt üzleti éve van, az itt feltüntetett vállalkozásoknak is csak azokra az évekre szükséges feltüntetni az adatait. Amennyiben a pályázó vállalkozás rendelkezik 2025. évre szóló beszámolóval (N év adata), ugyanakkor a kapcsolódó vállalkozásoknak még nem készült el a beszámolója, kérjük az üzleti év kezdete és vége adatokat töltse fel, de más adatokat az N évre vonatkozóan nem szükséges feltüntetni. Ha a kapcsolódó vállalkozás rendelkezik 2025. évi beszámolóval, de a pályázó vállalkozás még nem, a 2025. évi adatokat nem kell feltüntetni. Amennyiben a vállalkozás esetén beszámoló közzétételi kötelezettség áll fenn, az adatokat a https://e-beszamolo.im.gov.hu/oldal/kezdolap oldalról letölthető beszámolóival összhangban adja meg. Amennyiben beszámoló készítésére nem kötelezett a vállalkozás, akkor az adóbevallásban, illetve a nyilvántartásokban (pl. foglalkoztatottak száma) szerepelnek a releváns adatok, ebben az esetben a mérlegfőösszeg nem értelmezhető, ezért nem szükséges kitölteni. Kérjük, a kitöltésnél ügyeljen arra, hogy az e-beszámoló felületen az adatok ezer vagy millió forintban kerülnek feltüntetésre. Továbbá előfordulhat, hogy a beszámoló forinttól eltérő devizában készült. Kérjük, hogy a táblázatban a pontos összeget rögzítse, forintban megadva! Speciális esetek: Előfordulhat, hogy az alábbiak közül valamelyik üzleti év csak tört évként értelmezhető a kapcsolódó vállalkozásnál. Ebben az esetben az árbevétel adatot évesíteni szükséges, a létszám adatot és a mérlegfőösszeget - ha az értelmezhető - azonban nem. Évesített árbevétel = (Tört év árbevétele / a beszámolóban szereplő működési napok száma) × az adott év napjainak száma Amennyiben valamely üzleti évre adónem áttérés miatt két beszámoló készült, a következők szerint kell eljárni: az árbevétel adatokat össze kell adni, a két létszám adatból átlagot kell számolni, a mérlegfőösszeg adat esetén pedig az időben frissebb (második) adatot kell feltüntetni. Átlagos létszám = (Első beszámoló létszáma + Második beszámoló létszáma) / 2 N = utolsó lezárt üzleti év, N-1 = utolsó előtti lezárt év, N-2 = utolsó előtti lezárt évet megelőző év.
A23: =A12
E24: =SUM(E26:E50) -> 0 | J24: =SUM(J26:J50) -> 0 | O24: =SUM(O26:O50) -> 0 | AX24: =SUM(AX26:AX50) -> 0 | AY24: =SUM(AY26:AY50) -> 0 | BA24: =SUM(BA26:BA50) -> 0 | BB24: =SUM(BB26:BB50) -> 0 | BD24: =SUM(BD26:BD50) -> 0 | BE24: =SUM(BE26:BE50) -> 0
A25: =CONCATENATE(B8," ","Kapcsolódó vállalkozásának neve") -> 0 Kapcsolódó vállalkozásának neve | B25: Kapcsolódó vállalkozás adószáma | C25: N üzleti év kezdete | D25: N üzleti év vége | E25: N üzleti évben átlagosan foglalkoztatottak száma (fő) | F25: N üzleti év éves nettó árbevétele (Ft) | G25: N üzleti év mérlegfőösszege (Ft) | H25: N-1 üzleti év kezdete | I25: N-1 üzleti év vége | J25: N-1 üzleti évben átlagosan foglalkoztatottak száma (fő) | K25: N-1 üzleti év éves nettó árbevétele (Ft) | L25: N-1 üzleti év mérlegfőösszege (Ft) | M25: N-2 üzleti év kezdete | N25: N-2 üzleti év vége | O25: N-2 üzleti évben átlagosan foglalkoztatottak száma (fő) | P25: N-2 üzleti év éves nettó árbevétele (Ft) | Q25: N-2 üzleti év mérlegfőösszege (Ft) | AW25: N év Alkalmazott devizaközépárfolyam | AX25: N üzleti év Éves nettó árbevétel (euró) | AY25: N üzleti év Mérlegfőösszeg (euró) | AZ25: N-1 év Alkalmazott devizaközépárfolyam | BA25: N-1év Éves nettó árbevétel (euró) | BB25: N-1 év Mérlegfőösszeg (euró) | BC25: N-2 év Alkalmazott devizaközépárfolyam | BD25: N-2 év Éves nettó árbevétel (euró) | BE25: N-2 év Mérlegfőösszeg (euró)
AW26: =IF(D26="","",VLOOKUP(D26,'MNB árfolyam'!A:B,2,0)) | AX26: =IF(ISBLANK(F26),"",ROUND(F26/AW26,0)) | AY26: =IF(ISBLANK(G26),"",ROUND(G26/AW26,0)) | AZ26: =IF(I26="","",VLOOKUP(I26,'MNB árfolyam'!A:B,2,0)) | BA26: =IF(ISBLANK(K26),"",ROUND(K26/AZ26,0)) | BB26: =IF(ISBLANK(L26),"",ROUND(L26/AZ26,0)) | BC26: =IF(N26="","",VLOOKUP(N26,'MNB árfolyam'!A:B,2,0)) | BD26: =IF(ISBLANK(P26),"",ROUND(P26/BC26,0)) | BE26: =IF(ISBLANK(Q26),"",ROUND(Q26/BC26,0))
AW27: =IF(D27="","",VLOOKUP(D27,'MNB árfolyam'!A:B,2,0)) | AX27: =IF(ISBLANK(F27),"",ROUND(F27/AW27,0)) | AY27: =IF(ISBLANK(G27),"",ROUND(G27/AW27,0)) | AZ27: =IF(I27="","",VLOOKUP(I27,'MNB árfolyam'!A:B,2,0)) | BA27: =IF(ISBLANK(K27),"",ROUND(K27/AZ27,0)) | BB27: =IF(ISBLANK(L27),"",ROUND(L27/AZ27,0)) | BC27: =IF(N27="","",VLOOKUP(N27,'MNB árfolyam'!A:B,2,0)) | BD27: =IF(ISBLANK(P27),"",ROUND(P27/BC27,0)) | BE27: =IF(ISBLANK(Q27),"",ROUND(Q27/BC27,0))
AW28: =IF(D28="","",VLOOKUP(D28,'MNB árfolyam'!A:B,2,0)) | AX28: =IF(ISBLANK(F28),"",ROUND(F28/AW28,0)) | AY28: =IF(ISBLANK(G28),"",ROUND(G28/AW28,0)) | AZ28: =IF(I28="","",VLOOKUP(I28,'MNB árfolyam'!A:B,2,0)) | BA28: =IF(ISBLANK(K28),"",ROUND(K28/AZ28,0)) | BB28: =IF(ISBLANK(L28),"",ROUND(L28/AZ28,0)) | BC28: =IF(N28="","",VLOOKUP(N28,'MNB árfolyam'!A:B,2,0)) | BD28: =IF(ISBLANK(P28),"",ROUND(P28/BC28,0)) | BE28: =IF(ISBLANK(Q28),"",ROUND(Q28/BC28,0))
AW29: =IF(D29="","",VLOOKUP(D29,'MNB árfolyam'!A:B,2,0)) | AX29: =IF(ISBLANK(F29),"",ROUND(F29/AW29,0)) | AY29: =IF(ISBLANK(G29),"",ROUND(G29/AW29,0)) | AZ29: =IF(I29="","",VLOOKUP(I29,'MNB árfolyam'!A:B,2,0)) | BA29: =IF(ISBLANK(K29),"",ROUND(K29/AZ29,0)) | BB29: =IF(ISBLANK(L29),"",ROUND(L29/AZ29,0)) | BC29: =IF(N29="","",VLOOKUP(N29,'MNB árfolyam'!A:B,2,0)) | BD29: =IF(ISBLANK(P29),"",ROUND(P29/BC29,0)) | BE29: =IF(ISBLANK(Q29),"",ROUND(Q29/BC29,0))
AW30: =IF(D30="","",VLOOKUP(D30,'MNB árfolyam'!A:B,2,0)) | AX30: =IF(ISBLANK(F30),"",ROUND(F30/AW30,0)) | AY30: =IF(ISBLANK(G30),"",ROUND(G30/AW30,0)) | AZ30: =IF(I30="","",VLOOKUP(I30,'MNB árfolyam'!A:B,2,0)) | BA30: =IF(ISBLANK(K30),"",ROUND(K30/AZ30,0)) | BB30: =IF(ISBLANK(L30),"",ROUND(L30/AZ30,0)) | BC30: =IF(N30="","",VLOOKUP(N30,'MNB árfolyam'!A:B,2,0)) | BD30: =IF(ISBLANK(P30),"",ROUND(P30/BC30,0)) | BE30: =IF(ISBLANK(Q30),"",ROUND(Q30/BC30,0))
AW31: =IF(D31="","",VLOOKUP(D31,'MNB árfolyam'!A:B,2,0)) | AX31: =IF(ISBLANK(F31),"",ROUND(F31/AW31,0)) | AY31: =IF(ISBLANK(G31),"",ROUND(G31/AW31,0)) | AZ31: =IF(I31="","",VLOOKUP(I31,'MNB árfolyam'!A:B,2,0)) | BA31: =IF(ISBLANK(K31),"",ROUND(K31/AZ31,0)) | BB31: =IF(ISBLANK(L31),"",ROUND(L31/AZ31,0)) | BC31: =IF(N31="","",VLOOKUP(N31,'MNB árfolyam'!A:B,2,0)) | BD31: =IF(ISBLANK(P31),"",ROUND(P31/BC31,0)) | BE31: =IF(ISBLANK(Q31),"",ROUND(Q31/BC31,0))
AW32: =IF(D32="","",VLOOKUP(D32,'MNB árfolyam'!A:B,2,0)) | AX32: =IF(ISBLANK(F32),"",ROUND(F32/AW32,0)) | AY32: =IF(ISBLANK(G32),"",ROUND(G32/AW32,0)) | AZ32: =IF(I32="","",VLOOKUP(I32,'MNB árfolyam'!A:B,2,0)) | BA32: =IF(ISBLANK(K32),"",ROUND(K32/AZ32,0)) | BB32: =IF(ISBLANK(L32),"",ROUND(L32/AZ32,0)) | BC32: =IF(N32="","",VLOOKUP(N32,'MNB árfolyam'!A:B,2,0)) | BD32: =IF(ISBLANK(P32),"",ROUND(P32/BC32,0)) | BE32: =IF(ISBLANK(Q32),"",ROUND(Q32/BC32,0))
AW33: =IF(D33="","",VLOOKUP(D33,'MNB árfolyam'!A:B,2,0)) | AX33: =IF(ISBLANK(F33),"",ROUND(F33/AW33,0)) | AY33: =IF(ISBLANK(G33),"",ROUND(G33/AW33,0)) | AZ33: =IF(I33="","",VLOOKUP(I33,'MNB árfolyam'!A:B,2,0)) | BA33: =IF(ISBLANK(K33),"",ROUND(K33/AZ33,0)) | BB33: =IF(ISBLANK(L33),"",ROUND(L33/AZ33,0)) | BC33: =IF(N33="","",VLOOKUP(N33,'MNB árfolyam'!A:B,2,0)) | BD33: =IF(ISBLANK(P33),"",ROUND(P33/BC33,0)) | BE33: =IF(ISBLANK(Q33),"",ROUND(Q33/BC33,0))
AW34: =IF(D34="","",VLOOKUP(D34,'MNB árfolyam'!A:B,2,0)) | AX34: =IF(ISBLANK(F34),"",ROUND(F34/AW34,0)) | AY34: =IF(ISBLANK(G34),"",ROUND(G34/AW34,0)) | AZ34: =IF(I34="","",VLOOKUP(I34,'MNB árfolyam'!A:B,2,0)) | BA34: =IF(ISBLANK(K34),"",ROUND(K34/AZ34,0)) | BB34: =IF(ISBLANK(L34),"",ROUND(L34/AZ34,0)) | BC34: =IF(N34="","",VLOOKUP(N34,'MNB árfolyam'!A:B,2,0)) | BD34: =IF(ISBLANK(P34),"",ROUND(P34/BC34,0)) | BE34: =IF(ISBLANK(Q34),"",ROUND(Q34/BC34,0))
AW35: =IF(D35="","",VLOOKUP(D35,'MNB árfolyam'!A:B,2,0)) | AX35: =IF(ISBLANK(F35),"",ROUND(F35/AW35,0)) | AY35: =IF(ISBLANK(G35),"",ROUND(G35/AW35,0)) | AZ35: =IF(I35="","",VLOOKUP(I35,'MNB árfolyam'!A:B,2,0)) | BA35: =IF(ISBLANK(K35),"",ROUND(K35/AZ35,0)) | BB35: =IF(ISBLANK(L35),"",ROUND(L35/AZ35,0)) | BC35: =IF(N35="","",VLOOKUP(N35,'MNB árfolyam'!A:B,2,0)) | BD35: =IF(ISBLANK(P35),"",ROUND(P35/BC35,0)) | BE35: =IF(ISBLANK(Q35),"",ROUND(Q35/BC35,0))
AW36: =IF(D36="","",VLOOKUP(D36,'MNB árfolyam'!A:B,2,0)) | AX36: =IF(ISBLANK(F36),"",ROUND(F36/AW36,0)) | AY36: =IF(ISBLANK(G36),"",ROUND(G36/AW36,0)) | AZ36: =IF(I36="","",VLOOKUP(I36,'MNB árfolyam'!A:B,2,0)) | BA36: =IF(ISBLANK(K36),"",ROUND(K36/AZ36,0)) | BB36: =IF(ISBLANK(L36),"",ROUND(L36/AZ36,0)) | BC36: =IF(N36="","",VLOOKUP(N36,'MNB árfolyam'!A:B,2,0)) | BD36: =IF(ISBLANK(P36),"",ROUND(P36/BC36,0)) | BE36: =IF(ISBLANK(Q36),"",ROUND(Q36/BC36,0))
AW37: =IF(D37="","",VLOOKUP(D37,'MNB árfolyam'!A:B,2,0)) | AX37: =IF(ISBLANK(F37),"",ROUND(F37/AW37,0)) | AY37: =IF(ISBLANK(G37),"",ROUND(G37/AW37,0)) | AZ37: =IF(I37="","",VLOOKUP(I37,'MNB árfolyam'!A:B,2,0)) | BA37: =IF(ISBLANK(K37),"",ROUND(K37/AZ37,0)) | BB37: =IF(ISBLANK(L37),"",ROUND(L37/AZ37,0)) | BC37: =IF(N37="","",VLOOKUP(N37,'MNB árfolyam'!A:B,2,0)) | BD37: =IF(ISBLANK(P37),"",ROUND(P37/BC37,0)) | BE37: =IF(ISBLANK(Q37),"",ROUND(Q37/BC37,0))
... AW50: =IF(D50="","",VLOOKUP(D50,'MNB árfolyam'!A:B,2,0)) | AX50: =IF(ISBLANK(F50),"",ROUND(F50/AW50,0)) | AY50: =IF(ISBLANK(G50),"",ROUND(G50/AW50,0)) | AZ50: =IF(I50="","",VLOOKUP(I50,'MNB árfolyam'!A:B,2,0)) | BA50: =IF(ISBLANK(K50),"",ROUND(K50/AZ50,0)) | BB50: =IF(ISBLANK(L50),"",ROUND(L50/AZ50,0)) | BC50: =IF(N50="","",VLOOKUP(N50,'MNB árfolyam'!A:B,2,0)) | BD50: =IF(ISBLANK(P50),"",ROUND(P50/BC50,0)) | BE50: =IF(ISBLANK(Q50),"",ROUND(Q50/BC50,0))
A52: =CONCATENATE("III. BLOKK: ",B8," ","PARTNER VÁLLALKOZÁSAI:") -> III. BLOKK: 0 PARTNER VÁLLALKOZÁSAI:
A53: Meg kell vizsgálni, hogy a pályázó vállalkozás kapcsolódó vállalkozása mely vállalkozásokkal áll PARTNERVÁLLALKOZÁSI kapcsolatban. Tehát mely vállalkozásoknak van 25%-ot elérő, de 50%-ot nem meghaladó befolyása a kapcsolódó vállalkozásban, és a kapcsolódó vállalkozás mely vállalkozásokban rendelkezik ilyen mértékű befolyással. Annyi évre vonatkozóan szükséges adatot szolgáltatni, amennyi lezárt üzleti évvel a pályázó vállalkozás rendelkezik. FONTOS TUDNIVALÓK: Ha a pályázó vállalkozásnak csak egy vagy két lezárt üzleti éve van, az itt feltüntetett vállalkozásoknak is csak azokra az évekre szükséges feltüntetni az adatait. Amennyiben a pályázó vállalkozás rendelkezik 2025. évre szóló beszámolóval (N év adata), ugyanakkor a partner vállalkozásoknak még nem készült el a beszámolója, kérjük az üzleti év kezdete és vége adatokat töltse fel, de más adatokat az N évre vonatkozóan nem szükséges feltüntetni. Amennyiben a partner vállalkozások rendelkeznek 2025. évi beszámolóval, de a pályázó vállalkozás nem, a 2025. évi adatokat nem kell feltüntetni. Amennyiben a vállalkozás esetén beszámoló közzétételi kötelezettség áll fenn, az adatokat a https://e-beszamolo.im.gov.hu/oldal/kezdolap oldalról letölthető beszámolóival összhangban adja meg. Amennyiben beszámoló készítésére nem kötelezett a vállalkozás, akkor az adóbevallásban, illetve a nyilvántartásokban (pl. foglalkoztatottak száma) szerepelnek a releváns adatok, ebben az esetben a mérlegfőösszeg nem értelmezhető, ezért nem szükséges kitölteni. Kérjük, a kitöltésnél ügyeljen arra, hogy az e-beszámoló felületen az adatok ezer vagy millió forintban kerülnek feltüntetésre. Továbbá előfordulhat, hogy a beszámoló forinttól eltérő devizában készült. Kérjük, hogy a táblázatban a pontos összeget rögzítse, forintban megadva! Speciális esetek: Előfordulhat, hogy az alábbiak közül valamelyik üzleti év csak tört évként értelmezhető a partner vállalkozásnál. Ebben az esetben az árbevétel adatot évesíteni szükséges, a létszám adatot és a mérlegfőösszeget - ha az értelmezhető - azonban nem. Évesített árbevétel = (Tört év árbevétele / a beszámolóban szereplő működési napok száma) × az adott év napjainak száma Amennyiben valamely üzleti évre adónem áttérés miatt két beszámoló készült, a következők szerint kell eljárni: az árbevétel adatokat össze kell adni, a két létszám adatból átlagot kell számolni, a mérlegfőösszeg adat esetén pedig az időben frissebb (második) adatot kell feltüntetni. Átlagos létszám = (Első beszámoló létszáma + Második beszámoló létszáma) / 2 N = utolsó lezárt üzleti év, N-1 = utolsó előtti lezárt év, N-2 = utolsó előtti lezárt évet megelőző év.
A54: =IF(PÁLYÁZÓ!D16<>"","A pályázó vállalkozás három üzleti évre adta meg az adatokat, ezért ezen vállalkozások esetében is három évre kérünk adatot, ha a vállalkozások működtek ebben az időtartamban.",IF(PÁLYÁZÓ!D15<>"","A pályázó vállalkozás két üzleti évre adta meg az adatokat, ezért ezen vállalkozások esetén is két évre kérünk adatot, ha a vállalkozások működtek ebben az időtartamban.",IF(PÁLYÁZÓ!D14<>"","A pályázó vállalkozás egy üzleti évre adta meg az adatokat, ezért ezen vállalkozások esetén is egy évre kérünk adatot, ha a vállalkozások működtek ebben az időtartamban.",""))) | G54: =SUM(G56:G80) -> 0 | N54: =SUM(N56:N80) -> 0 | U54: =SUM(U56:U80) -> 0 | BI54: =SUM(BI56:BI80) -> 0 | BJ54: =SUM(BJ56:BJ80) -> 0 | BK54: =SUM(BK56:BK80) -> 0 | BL54: =SUM(BL56:BL80) -> 0 | BM54: =SUM(BM56:BM80) -> 0 | BN54: =SUM(BN56:BN80) -> 0 | BO54: =SUM(BO56:BO80) -> 0 | BP54: =SUM(BP56:BP80) -> 0 | BQ54: =SUM(BQ56:BQ80) -> 0
A55: =CONCATENATE(B8," ","Partnervállalkozásának megnevezése") -> 0 Partnervállalkozásának megnevezése | B55: Partnervállalkozás adószáma | C55: N üzleti év tőkeérdekeltség aránya | D55: N üzleti év szavazati arány | E55: N üzleti év kezdete | F55: N üzleti év vége | G55: N üzleti évben átlagosan foglalkoztatottak száma (fő) | H55: N üzleti év éves nettó árbevétele (Ft) | I55: N üzleti év mérlegfőösszege (Ft) | J55: N-1 üzleti év tőkeérdekeltség aránya | K55: N-1 üzleti év szavazati arány | L55: N-1 üzleti év kezdete | M55: N-1 üzleti év vége | N55: N-1 üzleti évben átlagosan foglalkoztatottak száma (fő) | O55: N-1 üzleti év éves nettó árbevétele (Ft) | P55: N-1 üzleti év mérlegfőösszege (Ft) | Q55: N-2 üzleti év tőkeérdekeltség aránya | R55: N-2 üzleti év szavazati arány | S55: N-2 üzleti év kezdete | T55: N-2 üzleti év vége | U55: N-2 üzleti évben átlagosan foglalkoztatottak száma (fő) | V55: N-2 üzleti év éves nettó árbevétele (Ft) | W55: N-2 üzleti év mérlegfőösszege (Ft) | AW55: N év Alkalmazott arány | AX55: N év Alkalmazott devizaközépárfolyam | AY55: N év Éves nettó árbevétel (euró) | AZ55: N év Mérlegfőösszeg (euró) | BA55: N-1 év Alkalmazott arány | BB55: N-1 év Alkalmazott devizaközépárfolyam | BC55: N-1 év Éves nettó árbevétel (euró) | BD55: N-1 év Mérlegfőösszeg (euró) | BE55: N-2 év Alkalmazott arány | BF55: N-2 év Alkalmazott devizaközépárfolyam | BG55: N-2 év Éves nettó árbevétel (euró) | BH55: N-2 év Mérlegfőösszeg (euró) | BI55: N év Arányosan foglalkoztatottak száma (fő) | BJ55: N év Éves arányosított nettó árbevétel (euró) | BK55: N év Arányosított mérlegfőösszeg (euró) | BL55: N-1 év Arányosan foglalkoztatottak száma (fő) | BM55: N-1 év Éves arányosított nettó árbevétel (euró) | BN55: N-1 év Arányosított mérlegfőösszeg (euró) | BO55: N-2 év Arányosan foglalkoztatottak száma (fő) | BP55: N-2 év Éves arányosított nettó árbevétel (euró) | BQ55: N-2 év Arányosított mérlegfőösszeg (euró)
AW56: =IF(OR(C56="",D56=""),"",MAX(C56,D56)) | AX56: =IF(F56="","",VLOOKUP(F56,'MNB árfolyam'!A:B,2,0)) | AY56: =IF(OR(AX56=0,AX56=""),"",ROUND(H56/AX56,0)) | AZ56: =IF(OR(AX56=0,AX56=""),"",ROUND(I56/AX56,0)) | BA56: =IF(OR(J56="",K56=""),"",MAX(J56,K56)) | BB56: =IF(M56="","",VLOOKUP(M56,'MNB árfolyam'!A:B,2,0)) | BC56: =IF(OR(BB56=0,BB56=""),"",ROUND(O56/BB56,0)) | BD56: =IF(OR(BB56=0,BB56=""),"",ROUND(P56/BB56,0)) | BE56: =IF(OR(Q56="",R56=""),"",MAX(Q56,R56)) | BF56: =IF(T56="","",VLOOKUP(T56,'MNB árfolyam'!A:B,2,0)) | BG56: =IF(OR(BF56=0,BF56=""),"",ROUND(V56/BF56,0)) | BH56: =IF(OR(BF56=0,BF56=""),"",ROUND(W56/BF56,0)) | BI56: =IF(OR(AW56="",G56=""),"",AW56*G56) | BJ56: =IF(OR(AW56="",AY56=""),"",AW56*AY56) | BK56: =IF(OR(AW56="",AZ56=""),"",AW56*AZ56) | BL56: =IF(OR(BA56="",N56=""),"",BA56*N56) | BM56: =IF(OR(BA56="",BC56=""),"",BA56*BC56) | BN56: =IF(OR(BA56="",BD56=""),"",BA56*BD56) | BO56: =IF(OR(BE56="",U56=""),"",BE56*U56) | BP56: =IF(OR(BE56="",BG56=""),"",BE56*BG56) | BQ56: =IF(OR(BE56="",BH56=""),"",BE56*BH56)
AW57: =IF(OR(C57="",D57=""),"",MAX(C57,D57)) | AX57: =IF(F57="","",VLOOKUP(F57,'MNB árfolyam'!A:B,2,0)) | AY57: =IF(OR(AX57=0,AX57=""),"",ROUND(H57/AX57,0)) | AZ57: =IF(OR(AX57=0,AX57=""),"",ROUND(I57/AX57,0)) | BA57: =IF(OR(J57="",K57=""),"",MAX(J57,K57)) | BB57: =IF(M57="","",VLOOKUP(M57,'MNB árfolyam'!A:B,2,0)) | BC57: =IF(OR(BB57=0,BB57=""),"",ROUND(O57/BB57,0)) | BD57: =IF(OR(BB57=0,BB57=""),"",ROUND(P57/BB57,0)) | BE57: =IF(OR(Q57="",R57=""),"",MAX(Q57,R57)) | BF57: =IF(T57="","",VLOOKUP(T57,'MNB árfolyam'!A:B,2,0)) | BG57: =IF(OR(BF57=0,BF57=""),"",ROUND(V57/BF57,0)) | BH57: =IF(OR(BF57=0,BF57=""),"",ROUND(W57/BF57,0)) | BI57: =IF(OR(AW57="",G57=""),"",AW57*G57) | BJ57: =IF(OR(AW57="",AY57=""),"",AW57*AY57) | BK57: =IF(OR(AW57="",AZ57=""),"",AW57*AZ57) | BL57: =IF(OR(BA57="",N57=""),"",BA57*N57) | BM57: =IF(OR(BA57="",BC57=""),"",BA57*BC57) | BN57: =IF(OR(BA57="",BD57=""),"",BA57*BD57) | BO57: =IF(OR(BE57="",U57=""),"",BE57*U57) | BP57: =IF(OR(BE57="",BG57=""),"",BE57*BG57) | BQ57: =IF(OR(BE57="",BH57=""),"",BE57*BH57)
AW58: =IF(OR(C58="",D58=""),"",MAX(C58,D58)) | AX58: =IF(F58="","",VLOOKUP(F58,'MNB árfolyam'!A:B,2,0)) | AY58: =IF(OR(AX58=0,AX58=""),"",ROUND(H58/AX58,0)) | AZ58: =IF(OR(AX58=0,AX58=""),"",ROUND(I58/AX58,0)) | BA58: =IF(OR(J58="",K58=""),"",MAX(J58,K58)) | BB58: =IF(M58="","",VLOOKUP(M58,'MNB árfolyam'!A:B,2,0)) | BC58: =IF(OR(BB58=0,BB58=""),"",ROUND(O58/BB58,0)) | BD58: =IF(OR(BB58=0,BB58=""),"",ROUND(P58/BB58,0)) | BE58: =IF(OR(Q58="",R58=""),"",MAX(Q58,R58)) | BF58: =IF(T58="","",VLOOKUP(T58,'MNB árfolyam'!A:B,2,0)) | BG58: =IF(OR(BF58=0,BF58=""),"",ROUND(V58/BF58,0)) | BH58: =IF(OR(BF58=0,BF58=""),"",ROUND(W58/BF58,0)) | BI58: =IF(OR(AW58="",G58=""),"",AW58*G58) | BJ58: =IF(OR(AW58="",AY58=""),"",AW58*AY58) | BK58: =IF(OR(AW58="",AZ58=""),"",AW58*AZ58) | BL58: =IF(OR(BA58="",N58=""),"",BA58*N58) | BM58: =IF(OR(BA58="",BC58=""),"",BA58*BC58) | BN58: =IF(OR(BA58="",BD58=""),"",BA58*BD58) | BO58: =IF(OR(BE58="",U58=""),"",BE58*U58) | BP58: =IF(OR(BE58="",BG58=""),"",BE58*BG58) | BQ58: =IF(OR(BE58="",BH58=""),"",BE58*BH58)
AW59: =IF(OR(C59="",D59=""),"",MAX(C59,D59)) | AX59: =IF(F59="","",VLOOKUP(F59,'MNB árfolyam'!A:B,2,0)) | AY59: =IF(OR(AX59=0,AX59=""),"",ROUND(H59/AX59,0)) | AZ59: =IF(OR(AX59=0,AX59=""),"",ROUND(I59/AX59,0)) | BA59: =IF(OR(J59="",K59=""),"",MAX(J59,K59)) | BB59: =IF(M59="","",VLOOKUP(M59,'MNB árfolyam'!A:B,2,0)) | BC59: =IF(OR(BB59=0,BB59=""),"",ROUND(O59/BB59,0)) | BD59: =IF(OR(BB59=0,BB59=""),"",ROUND(P59/BB59,0)) | BE59: =IF(OR(Q59="",R59=""),"",MAX(Q59,R59)) | BF59: =IF(T59="","",VLOOKUP(T59,'MNB árfolyam'!A:B,2,0)) | BG59: =IF(OR(BF59=0,BF59=""),"",ROUND(V59/BF59,0)) | BH59: =IF(OR(BF59=0,BF59=""),"",ROUND(W59/BF59,0)) | BI59: =IF(OR(AW59="",G59=""),"",AW59*G59) | BJ59: =IF(OR(AW59="",AY59=""),"",AW59*AY59) | BK59: =IF(OR(AW59="",AZ59=""),"",AW59*AZ59) | BL59: =IF(OR(BA59="",N59=""),"",BA59*N59) | BM59: =IF(OR(BA59="",BC59=""),"",BA59*BC59) | BN59: =IF(OR(BA59="",BD59=""),"",BA59*BD59) | BO59: =IF(OR(BE59="",U59=""),"",BE59*U59) | BP59: =IF(OR(BE59="",BG59=""),"",BE59*BG59) | BQ59: =IF(OR(BE59="",BH59=""),"",BE59*BH59)
AW60: =IF(OR(C60="",D60=""),"",MAX(C60,D60)) | AX60: =IF(F60="","",VLOOKUP(F60,'MNB árfolyam'!A:B,2,0)) | AY60: =IF(OR(AX60=0,AX60=""),"",ROUND(H60/AX60,0)) | AZ60: =IF(OR(AX60=0,AX60=""),"",ROUND(I60/AX60,0)) | BA60: =IF(OR(J60="",K60=""),"",MAX(J60,K60)) | BB60: =IF(M60="","",VLOOKUP(M60,'MNB árfolyam'!A:B,2,0)) | BC60: =IF(OR(BB60=0,BB60=""),"",ROUND(O60/BB60,0)) | BD60: =IF(OR(BB60=0,BB60=""),"",ROUND(P60/BB60,0)) | BE60: =IF(OR(Q60="",R60=""),"",MAX(Q60,R60)) | BF60: =IF(T60="","",VLOOKUP(T60,'MNB árfolyam'!A:B,2,0)) | BG60: =IF(OR(BF60=0,BF60=""),"",ROUND(V60/BF60,0)) | BH60: =IF(OR(BF60=0,BF60=""),"",ROUND(W60/BF60,0)) | BI60: =IF(OR(AW60="",G60=""),"",AW60*G60) | BJ60: =IF(OR(AW60="",AY60=""),"",AW60*AY60) | BK60: =IF(OR(AW60="",AZ60=""),"",AW60*AZ60) | BL60: =IF(OR(BA60="",N60=""),"",BA60*N60) | BM60: =IF(OR(BA60="",BC60=""),"",BA60*BC60) | BN60: =IF(OR(BA60="",BD60=""),"",BA60*BD60) | BO60: =IF(OR(BE60="",U60=""),"",BE60*U60) | BP60: =IF(OR(BE60="",BG60=""),"",BE60*BG60) | BQ60: =IF(OR(BE60="",BH60=""),"",BE60*BH60)
AW61: =IF(OR(C61="",D61=""),"",MAX(C61,D61)) | AX61: =IF(F61="","",VLOOKUP(F61,'MNB árfolyam'!A:B,2,0)) | AY61: =IF(OR(AX61=0,AX61=""),"",ROUND(H61/AX61,0)) | AZ61: =IF(OR(AX61=0,AX61=""),"",ROUND(I61/AX61,0)) | BA61: =IF(OR(J61="",K61=""),"",MAX(J61,K61)) | BB61: =IF(M61="","",VLOOKUP(M61,'MNB árfolyam'!A:B,2,0)) | BC61: =IF(OR(BB61=0,BB61=""),"",ROUND(O61/BB61,0)) | BD61: =IF(OR(BB61=0,BB61=""),"",ROUND(P61/BB61,0)) | BE61: =IF(OR(Q61="",R61=""),"",MAX(Q61,R61)) | BF61: =IF(T61="","",VLOOKUP(T61,'MNB árfolyam'!A:B,2,0)) | BG61: =IF(OR(BF61=0,BF61=""),"",ROUND(V61/BF61,0)) | BH61: =IF(OR(BF61=0,BF61=""),"",ROUND(W61/BF61,0)) | BI61: =IF(OR(AW61="",G61=""),"",AW61*G61) | BJ61: =IF(OR(AW61="",AY61=""),"",AW61*AY61) | BK61: =IF(OR(AW61="",AZ61=""),"",AW61*AZ61) | BL61: =IF(OR(BA61="",N61=""),"",BA61*N61) | BM61: =IF(OR(BA61="",BC61=""),"",BA61*BC61) | BN61: =IF(OR(BA61="",BD61=""),"",BA61*BD61) | BO61: =IF(OR(BE61="",U61=""),"",BE61*U61) | BP61: =IF(OR(BE61="",BG61=""),"",BE61*BG61) | BQ61: =IF(OR(BE61="",BH61=""),"",BE61*BH61)
AW62: =IF(OR(C62="",D62=""),"",MAX(C62,D62)) | AX62: =IF(F62="","",VLOOKUP(F62,'MNB árfolyam'!A:B,2,0)) | AY62: =IF(OR(AX62=0,AX62=""),"",ROUND(H62/AX62,0)) | AZ62: =IF(OR(AX62=0,AX62=""),"",ROUND(I62/AX62,0)) | BA62: =IF(OR(J62="",K62=""),"",MAX(J62,K62)) | BB62: =IF(M62="","",VLOOKUP(M62,'MNB árfolyam'!A:B,2,0)) | BC62: =IF(OR(BB62=0,BB62=""),"",ROUND(O62/BB62,0)) | BD62: =IF(OR(BB62=0,BB62=""),"",ROUND(P62/BB62,0)) | BE62: =IF(OR(Q62="",R62=""),"",MAX(Q62,R62)) | BF62: =IF(T62="","",VLOOKUP(T62,'MNB árfolyam'!A:B,2,0)) | BG62: =IF(OR(BF62=0,BF62=""),"",ROUND(V62/BF62,0)) | BH62: =IF(OR(BF62=0,BF62=""),"",ROUND(W62/BF62,0)) | BI62: =IF(OR(AW62="",G62=""),"",AW62*G62) | BJ62: =IF(OR(AW62="",AY62=""),"",AW62*AY62) | BK62: =IF(OR(AW62="",AZ62=""),"",AW62*AZ62) | BL62: =IF(OR(BA62="",N62=""),"",BA62*N62) | BM62: =IF(OR(BA62="",BC62=""),"",BA62*BC62) | BN62: =IF(OR(BA62="",BD62=""),"",BA62*BD62) | BO62: =IF(OR(BE62="",U62=""),"",BE62*U62) | BP62: =IF(OR(BE62="",BG62=""),"",BE62*BG62) | BQ62: =IF(OR(BE62="",BH62=""),"",BE62*BH62)
AW63: =IF(OR(C63="",D63=""),"",MAX(C63,D63)) | AX63: =IF(F63="","",VLOOKUP(F63,'MNB árfolyam'!A:B,2,0)) | AY63: =IF(OR(AX63=0,AX63=""),"",ROUND(H63/AX63,0)) | AZ63: =IF(OR(AX63=0,AX63=""),"",ROUND(I63/AX63,0)) | BA63: =IF(OR(J63="",K63=""),"",MAX(J63,K63)) | BB63: =IF(M63="","",VLOOKUP(M63,'MNB árfolyam'!A:B,2,0)) | BC63: =IF(OR(BB63=0,BB63=""),"",ROUND(O63/BB63,0)) | BD63: =IF(OR(BB63=0,BB63=""),"",ROUND(P63/BB63,0)) | BE63: =IF(OR(Q63="",R63=""),"",MAX(Q63,R63)) | BF63: =IF(T63="","",VLOOKUP(T63,'MNB árfolyam'!A:B,2,0)) | BG63: =IF(OR(BF63=0,BF63=""),"",ROUND(V63/BF63,0)) | BH63: =IF(OR(BF63=0,BF63=""),"",ROUND(W63/BF63,0)) | BI63: =IF(OR(AW63="",G63=""),"",AW63*G63) | BJ63: =IF(OR(AW63="",AY63=""),"",AW63*AY63) | BK63: =IF(OR(AW63="",AZ63=""),"",AW63*AZ63) | BL63: =IF(OR(BA63="",N63=""),"",BA63*N63) | BM63: =IF(OR(BA63="",BC63=""),"",BA63*BC63) | BN63: =IF(OR(BA63="",BD63=""),"",BA63*BD63) | BO63: =IF(OR(BE63="",U63=""),"",BE63*U63) | BP63: =IF(OR(BE63="",BG63=""),"",BE63*BG63) | BQ63: =IF(OR(BE63="",BH63=""),"",BE63*BH63)
AW64: =IF(OR(C64="",D64=""),"",MAX(C64,D64)) | AX64: =IF(F64="","",VLOOKUP(F64,'MNB árfolyam'!A:B,2,0)) | AY64: =IF(OR(AX64=0,AX64=""),"",ROUND(H64/AX64,0)) | AZ64: =IF(OR(AX64=0,AX64=""),"",ROUND(I64/AX64,0)) | BA64: =IF(OR(J64="",K64=""),"",MAX(J64,K64)) | BB64: =IF(M64="","",VLOOKUP(M64,'MNB árfolyam'!A:B,2,0)) | BC64: =IF(OR(BB64=0,BB64=""),"",ROUND(O64/BB64,0)) | BD64: =IF(OR(BB64=0,BB64=""),"",ROUND(P64/BB64,0)) | BE64: =IF(OR(Q64="",R64=""),"",MAX(Q64,R64)) | BF64: =IF(T64="","",VLOOKUP(T64,'MNB árfolyam'!A:B,2,0)) | BG64: =IF(OR(BF64=0,BF64=""),"",ROUND(V64/BF64,0)) | BH64: =IF(OR(BF64=0,BF64=""),"",ROUND(W64/BF64,0)) | BI64: =IF(OR(AW64="",G64=""),"",AW64*G64) | BJ64: =IF(OR(AW64="",AY64=""),"",AW64*AY64) | BK64: =IF(OR(AW64="",AZ64=""),"",AW64*AZ64) | BL64: =IF(OR(BA64="",N64=""),"",BA64*N64) | BM64: =IF(OR(BA64="",BC64=""),"",BA64*BC64) | BN64: =IF(OR(BA64="",BD64=""),"",BA64*BD64) | BO64: =IF(OR(BE64="",U64=""),"",BE64*U64) | BP64: =IF(OR(BE64="",BG64=""),"",BE64*BG64) | BQ64: =IF(OR(BE64="",BH64=""),"",BE64*BH64)
AW65: =IF(OR(C65="",D65=""),"",MAX(C65,D65)) | AX65: =IF(F65="","",VLOOKUP(F65,'MNB árfolyam'!A:B,2,0)) | AY65: =IF(OR(AX65=0,AX65=""),"",ROUND(H65/AX65,0)) | AZ65: =IF(OR(AX65=0,AX65=""),"",ROUND(I65/AX65,0)) | BA65: =IF(OR(J65="",K65=""),"",MAX(J65,K65)) | BB65: =IF(M65="","",VLOOKUP(M65,'MNB árfolyam'!A:B,2,0)) | BC65: =IF(OR(BB65=0,BB65=""),"",ROUND(O65/BB65,0)) | BD65: =IF(OR(BB65=0,BB65=""),"",ROUND(P65/BB65,0)) | BE65: =IF(OR(Q65="",R65=""),"",MAX(Q65,R65)) | BF65: =IF(T65="","",VLOOKUP(T65,'MNB árfolyam'!A:B,2,0)) | BG65: =IF(OR(BF65=0,BF65=""),"",ROUND(V65/BF65,0)) | BH65: =IF(OR(BF65=0,BF65=""),"",ROUND(W65/BF65,0)) | BI65: =IF(OR(AW65="",G65=""),"",AW65*G65) | BJ65: =IF(OR(AW65="",AY65=""),"",AW65*AY65) | BK65: =IF(OR(AW65="",AZ65=""),"",AW65*AZ65) | BL65: =IF(OR(BA65="",N65=""),"",BA65*N65) | BM65: =IF(OR(BA65="",BC65=""),"",BA65*BC65) | BN65: =IF(OR(BA65="",BD65=""),"",BA65*BD65) | BO65: =IF(OR(BE65="",U65=""),"",BE65*U65) | BP65: =IF(OR(BE65="",BG65=""),"",BE65*BG65) | BQ65: =IF(OR(BE65="",BH65=""),"",BE65*BH65)
AW66: =IF(OR(C66="",D66=""),"",MAX(C66,D66)) | AX66: =IF(F66="","",VLOOKUP(F66,'MNB árfolyam'!A:B,2,0)) | AY66: =IF(OR(AX66=0,AX66=""),"",ROUND(H66/AX66,0)) | AZ66: =IF(OR(AX66=0,AX66=""),"",ROUND(I66/AX66,0)) | BA66: =IF(OR(J66="",K66=""),"",MAX(J66,K66)) | BB66: =IF(M66="","",VLOOKUP(M66,'MNB árfolyam'!A:B,2,0)) | BC66: =IF(OR(BB66=0,BB66=""),"",ROUND(O66/BB66,0)) | BD66: =IF(OR(BB66=0,BB66=""),"",ROUND(P66/BB66,0)) | BE66: =IF(OR(Q66="",R66=""),"",MAX(Q66,R66)) | BF66: =IF(T66="","",VLOOKUP(T66,'MNB árfolyam'!A:B,2,0)) | BG66: =IF(OR(BF66=0,BF66=""),"",ROUND(V66/BF66,0)) | BH66: =IF(OR(BF66=0,BF66=""),"",ROUND(W66/BF66,0)) | BI66: =IF(OR(AW66="",G66=""),"",AW66*G66) | BJ66: =IF(OR(AW66="",AY66=""),"",AW66*AY66) | BK66: =IF(OR(AW66="",AZ66=""),"",AW66*AZ66) | BL66: =IF(OR(BA66="",N66=""),"",BA66*N66) | BM66: =IF(OR(BA66="",BC66=""),"",BA66*BC66) | BN66: =IF(OR(BA66="",BD66=""),"",BA66*BD66) | BO66: =IF(OR(BE66="",U66=""),"",BE66*U66) | BP66: =IF(OR(BE66="",BG66=""),"",BE66*BG66) | BQ66: =IF(OR(BE66="",BH66=""),"",BE66*BH66)
AW67: =IF(OR(C67="",D67=""),"",MAX(C67,D67)) | AX67: =IF(F67="","",VLOOKUP(F67,'MNB árfolyam'!A:B,2,0)) | AY67: =IF(OR(AX67=0,AX67=""),"",ROUND(H67/AX67,0)) | AZ67: =IF(OR(AX67=0,AX67=""),"",ROUND(I67/AX67,0)) | BA67: =IF(OR(J67="",K67=""),"",MAX(J67,K67)) | BB67: =IF(M67="","",VLOOKUP(M67,'MNB árfolyam'!A:B,2,0)) | BC67: =IF(OR(BB67=0,BB67=""),"",ROUND(O67/BB67,0)) | BD67: =IF(OR(BB67=0,BB67=""),"",ROUND(P67/BB67,0)) | BE67: =IF(OR(Q67="",R67=""),"",MAX(Q67,R67)) | BF67: =IF(T67="","",VLOOKUP(T67,'MNB árfolyam'!A:B,2,0)) | BG67: =IF(OR(BF67=0,BF67=""),"",ROUND(V67/BF67,0)) | BH67: =IF(OR(BF67=0,BF67=""),"",ROUND(W67/BF67,0)) | BI67: =IF(OR(AW67="",G67=""),"",AW67*G67) | BJ67: =IF(OR(AW67="",AY67=""),"",AW67*AY67) | BK67: =IF(OR(AW67="",AZ67=""),"",AW67*AZ67) | BL67: =IF(OR(BA67="",N67=""),"",BA67*N67) | BM67: =IF(OR(BA67="",BC67=""),"",BA67*BC67) | BN67: =IF(OR(BA67="",BD67=""),"",BA67*BD67) | BO67: =IF(OR(BE67="",U67=""),"",BE67*U67) | BP67: =IF(OR(BE67="",BG67=""),"",BE67*BG67) | BQ67: =IF(OR(BE67="",BH67=""),"",BE67*BH67)
... AW80: =IF(OR(C80="",D80=""),"",MAX(C80,D80)) | AX80: =IF(F80="","",VLOOKUP(F80,'MNB árfolyam'!A:B,2,0)) | AY80: =IF(OR(AX80=0,AX80=""),"",ROUND(H80/AX80,0)) | AZ80: =IF(OR(AX80=0,AX80=""),"",ROUND(I80/AX80,0)) | BA80: =IF(OR(J80="",K80=""),"",MAX(J80,K80)) | BB80: =IF(M80="","",VLOOKUP(M80,'MNB árfolyam'!A:B,2,0)) | BC80: =IF(OR(BB80=0,BB80=""),"",ROUND(O80/BB80,0)) | BD80: =IF(OR(BB80=0,BB80=""),"",ROUND(P80/BB80,0)) | BE80: =IF(OR(Q80="",R80=""),"",MAX(Q80,R80)) | BF80: =IF(T80="","",VLOOKUP(T80,'MNB árfolyam'!A:B,2,0)) | BG80: =IF(OR(BF80=0,BF80=""),"",ROUND(V80/BF80,0)) | BH80: =IF(OR(BF80=0,BF80=""),"",ROUND(W80/BF80,0)) | BI80: =IF(OR(AW80="",G80=""),"",AW80*G80) | BJ80: =IF(OR(AW80="",AY80=""),"",AW80*AY80) | BK80: =IF(OR(AW80="",AZ80=""),"",AW80*AZ80) | BL80: =IF(OR(BA80="",N80=""),"",BA80*N80) | BM80: =IF(OR(BA80="",BC80=""),"",BA80*BC80) | BN80: =IF(OR(BA80="",BD80=""),"",BA80*BD80) | BO80: =IF(OR(BE80="",U80=""),"",BE80*U80) | BP80: =IF(OR(BE80="",BG80=""),"",BE80*BG80) | BQ80: =IF(OR(BE80="",BH80=""),"",BE80*BH80)

Sheet KAPCSOLÓDÓ PIAC3
A1: Kapcsolódó vállalkozás összesítő (automatikusan töltődik, ezt a blokkot Önnek nem kell töltenie): | F1: VISSZA A PÁLYÁZÓ FÜLRE
B2: Üzleti évben átlagosan foglalkoztatottak száma (fő) | C2: Éves nettó árbevétel (euró) | D2: Mérlegfőösszeg (euró)
A3: N | B3: =D14+E24+BI54 -> 0 | C3: =AX14+AX24+BJ54 -> 0 | D3: =AY14+AY24+BK54 -> 0
A4: N-1 | B4: =D15+J24+BL54 -> 0 | C4: =AX15+BA24+BM54 -> 0 | D4: =AY15+BB24+BN54 -> 0
A5: N-2 | B5: =D16+O24+BO54 -> 0 | C5: =AX16+BD24+BP54 -> 0 | D5: =AY16+BE24+BQ54 -> 0
A7: I. BLOKK: KAPCSOLÓDÓ VÁLLALKOZÁS SAJÁT ADATAI:
A8: Kapcsolódó vállalkozás megnevezése (automatikusan töltődik a PÁLYÁZÓ munkalapról): | B8: =PÁLYÁZÓ!B88 -> 0
A9: Kapcsolódó vállalkozás adószáma (automatikusan töltődik a PÁLYÁZÓ munkalapról): | B9: =PÁLYÁZÓ!C88 -> 0
A11: Kérjük, adja meg ennek a vállalkozásnak a gazdálkodási adatait főszabály szerint az utolsó három lezárt üzleti évre vonatkozóan. FONTOS: Ha a pályázó vállalkozásnak csak egy vagy két lezárt üzleti éve van, ennek a vállalkozásnak is csak azokra az évekre szükséges feltüntetni az adatait. Amennyiben a pályázó vállalkozás rendelkezik 2025. évre szóló beszámolóval (N év adata), ugyanakkor a kapcsolódó vállalkozásnak még nem készült el a beszámolója, kérjük az üzleti év kezdete és vége adatokat töltse fel, de más adatokat az N évre vonatkozóan nem szükséges feltüntetni. Ha a kapcsolódó vállalkozás rendelkezik 2025 évi beszámolóval, de a pályázó vállalkozás még nem, akkor a 2025 évi beszámolót nem kell feltüntetni. Amennyiben a vállalkozás esetén beszámoló közzétételi kötelezettség áll fenn, az adatokat a https://e-beszamolo.im.gov.hu/oldal/kezdolap oldalról letölthető beszámolóival összhangban adja meg. Amennyiben beszámoló készítésére nem kötelezett a vállalkozás, akkor az adóbevallásban, illetve a nyilvántartásokban (pl. foglalkoztatottak száma) szerepelnek a releváns adatok, ebben az esetben a mérlegfőösszeg nem értelmezhető, ezért nem szükséges kitölteni. Kérjük, a kitöltésnél ügyeljen arra, hogy az e-beszámoló felületen az adatok ezer vagy millió forintban kerülnek feltüntetésre. Továbbá előfordulhat, hogy a beszámoló forinttól eltérő devizában készült. Kérjük, hogy a táblázatban a pontos összeget rögzítse, forintban megadva! Speciális esetek: Előfordulhat, hogy az alábbiak közül valamelyik üzleti év csak tört évként értelmezhető a kapcsolódó vállalkozásnál. Ebben az esetben az árbevétel adatot évesíteni szükséges, a létszám adatot és a mérlegfőösszeget - ha az értelmezhető - azonban nem. Évesített árbevétel = (Tört év árbevétele / a beszámolóban szereplő működési napok száma) × az adott év napjainak száma Amennyiben valamely üzleti évre adónem áttérés miatt két beszámoló készült, a következők szerint kell eljárni: az árbevétel adatokat össze kell adni, a két létszám adatból átlagot kell számolni, a mérlegfőösszeg adat esetén pedig az időben frissebb (második) adatot kell feltüntetni. Átlagos létszám = (Első beszámoló létszáma + Második beszámoló létszáma) / 2 N = utolsó lezárt üzleti év, N-1 = utolsó előtti lezárt év, N-2 = utolsó előtti lezárt évet megelőző év.
A12: =IF(PÁLYÁZÓ!D16<>"","A pályázó vállalkozás három üzleti évre adta meg az adatokat, ezért a kapcsolódó vállalkozás esetén is három évre kérünk adatot, ha a vállalkozás működött ebben az időtartamban.",IF(PÁLYÁZÓ!D15<>"","A pályázó vállalkozás két üzleti évre adta meg az adatokat, ezért a kapcsolódó vállalkozás esetén is két évre kérünk adatot, ha a vállalkozás működött ebben az időtartamban.",IF(PÁLYÁZÓ!D14<>"","A pályázó vállalkozás egy üzleti évre adta meg az adatokat, ezért a kapcsolódó vállalkozás esetén is egy évre kérünk adatot, ha a vállalkozás működött ebben az időtartamban.","")))
B13: Üzleti év kezdete | C13: Üzleti év vége | D13: Üzleti évben átlagosan foglalkoztatottak száma (fő) | E13: Éves nettó árbevétel (forint) | F13: Mérlegfőösszeg (Ft) | AW13: Alkalmazott devizaközépárfolyam | AX13: Éves nettó árbevétel (euró) | AY13: Mérlegfőösszeg (euró)
A14: N | AW14: =IF(C14="","",VLOOKUP(C14,'MNB árfolyam'!A:B,2,0)) | AX14: =IFERROR(ROUND(E14/AW14,0),0) -> 0 | AY14: =IFERROR(ROUND(F14/AW14,0),0) -> 0
A15: N-1 | AW15: =IF(C15="","",VLOOKUP(C15,'MNB árfolyam'!A:B,2,0)) | AX15: =IFERROR(ROUND(E15/AW15,0),0) -> 0 | AY15: =IFERROR(ROUND(F15/AW15,0),0) -> 0
A16: N-2 | AW16: =IF(C16="","",VLOOKUP(C16,'MNB árfolyam'!A:B,2,0)) | AX16: =IFERROR(ROUND(E16/AW16,0),0) -> 0 | AY16: =IFERROR(ROUND(F16/AW16,0),0) -> 0
A18: A KKV besorolás megállapításához a törvény alapján figyelembe kell venni a pályázó vállalkozás kapcsolódó vállalkozásának a kapcsolódó és partner vállalkozásait is.Figyelembe vesszük azokat a vállalkozásokat is, akik a pályázó kapcsolódó vállalkozását tulajdonolják, és azokat is, akikre a kapcsolódó vállalkozásnak van befolyása, ezért szerepelnek a nyilak két irányba a 3. ábrán. Az alábbi két külön táblázatba szükséges az adatokat feltüntetni.
A21: =CONCATENATE("II. BLOKK: ",B8," ","KAPCSOLÓDÓ VÁLLALKOZÁSAI:") -> II. BLOKK: 0 KAPCSOLÓDÓ VÁLLALKOZÁSAI:
A22: Az alábbiakban fel kell tüntetni a pályázó vállalkozás természetes személyen keresztüli kapcsolódó vállakozásának (amelyről ez a munkalap szól) a KAPCSOLÓDÓ VÁLLALKOZÁSAIT. Jelen esetben tehát azokat a vállalkozásokat, amelyekben a pályázó vállalkozás kapcsolódó vállalkozása 50%-nál nagyobb befolyással bír. Annyi évre vonatkozóan kell adatot szolgáltatni, amennyi lezárt üzleti évvel a pályázó vállalkozás rendelkezik. FONTOS TUDNIVALÓK: Ha a pályázó vállalkozásnak csak egy vagy két lezárt üzleti éve van, az itt feltüntetett vállalkozásoknak is csak azokra az évekre szükséges feltüntetni az adatait. Amennyiben a pályázó vállalkozás rendelkezik 2025. évre szóló beszámolóval (N év adata), ugyanakkor a kapcsolódó vállalkozásoknak még nem készült el a beszámolója, kérjük az üzleti év kezdete és vége adatokat töltse fel, de más adatokat az N évre vonatkozóan nem szükséges feltüntetni. Ha a kapcsolódó vállalkozás rendelkezik 2025. évi beszámolóval, de a pályázó vállalkozás még nem, a 2025. évi adatokat nem kell feltüntetni. Amennyiben a vállalkozás esetén beszámoló közzétételi kötelezettség áll fenn, az adatokat a https://e-beszamolo.im.gov.hu/oldal/kezdolap oldalról letölthető beszámolóival összhangban adja meg. Amennyiben beszámoló készítésére nem kötelezett a vállalkozás, akkor az adóbevallásban, illetve a nyilvántartásokban (pl. foglalkoztatottak száma) szerepelnek a releváns adatok, ebben az esetben a mérlegfőösszeg nem értelmezhető, ezért nem szükséges kitölteni. Kérjük, a kitöltésnél ügyeljen arra, hogy az e-beszámoló felületen az adatok ezer vagy millió forintban kerülnek feltüntetésre. Továbbá előfordulhat, hogy a beszámoló forinttól eltérő devizában készült. Kérjük, hogy a táblázatban a pontos összeget rögzítse, forintban megadva! Speciális esetek: Előfordulhat, hogy az alábbiak közül valamelyik üzleti év csak tört évként értelmezhető a kapcsolódó vállalkozásnál. Ebben az esetben az árbevétel adatot évesíteni szükséges, a létszám adatot és a mérlegfőösszeget - ha az értelmezhető - azonban nem. Évesített árbevétel = (Tört év árbevétele / a beszámolóban szereplő működési napok száma) × az adott év napjainak száma Amennyiben valamely üzleti évre adónem áttérés miatt két beszámoló készült, a következők szerint kell eljárni: az árbevétel adatokat össze kell adni, a két létszám adatból átlagot kell számolni, a mérlegfőösszeg adat esetén pedig az időben frissebb (második) adatot kell feltüntetni. Átlagos létszám = (Első beszámoló létszáma + Második beszámoló létszáma) / 2 N = utolsó lezárt üzleti év, N-1 = utolsó előtti lezárt év, N-2 = utolsó előtti lezárt évet megelőző év.
A23: =A12
E24: =SUM(E26:E50) -> 0 | J24: =SUM(J26:J50) -> 0 | O24: =SUM(O26:O50) -> 0 | AX24: =SUM(AX26:AX50) -> 0 | AY24: =SUM(AY26:AY50) -> 0 | BA24: =SUM(BA26:BA50) -> 0 | BB24: =SUM(BB26:BB50) -> 0 | BD24: =SUM(BD26:BD50) -> 0 | BE24: =SUM(BE26:BE50) -> 0
A25: =CONCATENATE(B8," ","Kapcsolódó vállalkozásának neve") -> 0 Kapcsolódó vállalkozásának neve | B25: Kapcsolódó vállalkozás adószáma | C25: N üzleti év kezdete | D25: N üzleti év vége | E25: N üzleti évben átlagosan foglalkoztatottak száma (fő) | F25: N üzleti év éves nettó árbevétele (Ft) | G25: N üzleti év mérlegfőösszege (Ft) | H25: N-1 üzleti év kezdete | I25: N-1 üzleti év vége | J25: N-1 üzleti évben átlagosan foglalkoztatottak száma (fő) | K25: N-1 üzleti év éves nettó árbevétele (Ft) | L25: N-1 üzleti év mérlegfőösszege (Ft) | M25: N-2 üzleti év kezdete | N25: N-2 üzleti év vége | O25: N-2 üzleti évben átlagosan foglalkoztatottak száma (fő) | P25: N-2 üzleti év éves nettó árbevétele (Ft) | Q25: N-2 üzleti év mérlegfőösszege (Ft) | AW25: N év Alkalmazott devizaközépárfolyam | AX25: N üzleti év Éves nettó árbevétel (euró) | AY25: N üzleti év Mérlegfőösszeg (euró) | AZ25: N-1 év Alkalmazott devizaközépárfolyam | BA25: N-1év Éves nettó árbevétel (euró) | BB25: N-1 év Mérlegfőösszeg (euró) | BC25: N-2 év Alkalmazott devizaközépárfolyam | BD25: N-2 év Éves nettó árbevétel (euró) | BE25: N-2 év Mérlegfőösszeg (euró)
AW26: =IF(D26="","",VLOOKUP(D26,'MNB árfolyam'!A:B,2,0)) | AX26: =IF(ISBLANK(F26),"",ROUND(F26/AW26,0)) | AY26: =IF(ISBLANK(G26),"",ROUND(G26/AW26,0)) | AZ26: =IF(I26="","",VLOOKUP(I26,'MNB árfolyam'!A:B,2,0)) | BA26: =IF(ISBLANK(K26),"",ROUND(K26/AZ26,0)) | BB26: =IF(ISBLANK(L26),"",ROUND(L26/AZ26,0)) | BC26: =IF(N26="","",VLOOKUP(N26,'MNB árfolyam'!A:B,2,0)) | BD26: =IF(ISBLANK(P26),"",ROUND(P26/BC26,0)) | BE26: =IF(ISBLANK(Q26),"",ROUND(Q26/BC26,0))
AW27: =IF(D27="","",VLOOKUP(D27,'MNB árfolyam'!A:B,2,0)) | AX27: =IF(ISBLANK(F27),"",ROUND(F27/AW27,0)) | AY27: =IF(ISBLANK(G27),"",ROUND(G27/AW27,0)) | AZ27: =IF(I27="","",VLOOKUP(I27,'MNB árfolyam'!A:B,2,0)) | BA27: =IF(ISBLANK(K27),"",ROUND(K27/AZ27,0)) | BB27: =IF(ISBLANK(L27),"",ROUND(L27/AZ27,0)) | BC27: =IF(N27="","",VLOOKUP(N27,'MNB árfolyam'!A:B,2,0)) | BD27: =IF(ISBLANK(P27),"",ROUND(P27/BC27,0)) | BE27: =IF(ISBLANK(Q27),"",ROUND(Q27/BC27,0))
AW28: =IF(D28="","",VLOOKUP(D28,'MNB árfolyam'!A:B,2,0)) | AX28: =IF(ISBLANK(F28),"",ROUND(F28/AW28,0)) | AY28: =IF(ISBLANK(G28),"",ROUND(G28/AW28,0)) | AZ28: =IF(I28="","",VLOOKUP(I28,'MNB árfolyam'!A:B,2,0)) | BA28: =IF(ISBLANK(K28),"",ROUND(K28/AZ28,0)) | BB28: =IF(ISBLANK(L28),"",ROUND(L28/AZ28,0)) | BC28: =IF(N28="","",VLOOKUP(N28,'MNB árfolyam'!A:B,2,0)) | BD28: =IF(ISBLANK(P28),"",ROUND(P28/BC28,0)) | BE28: =IF(ISBLANK(Q28),"",ROUND(Q28/BC28,0))
AW29: =IF(D29="","",VLOOKUP(D29,'MNB árfolyam'!A:B,2,0)) | AX29: =IF(ISBLANK(F29),"",ROUND(F29/AW29,0)) | AY29: =IF(ISBLANK(G29),"",ROUND(G29/AW29,0)) | AZ29: =IF(I29="","",VLOOKUP(I29,'MNB árfolyam'!A:B,2,0)) | BA29: =IF(ISBLANK(K29),"",ROUND(K29/AZ29,0)) | BB29: =IF(ISBLANK(L29),"",ROUND(L29/AZ29,0)) | BC29: =IF(N29="","",VLOOKUP(N29,'MNB árfolyam'!A:B,2,0)) | BD29: =IF(ISBLANK(P29),"",ROUND(P29/BC29,0)) | BE29: =IF(ISBLANK(Q29),"",ROUND(Q29/BC29,0))
AW30: =IF(D30="","",VLOOKUP(D30,'MNB árfolyam'!A:B,2,0)) | AX30: =IF(ISBLANK(F30),"",ROUND(F30/AW30,0)) | AY30: =IF(ISBLANK(G30),"",ROUND(G30/AW30,0)) | AZ30: =IF(I30="","",VLOOKUP(I30,'MNB árfolyam'!A:B,2,0)) | BA30: =IF(ISBLANK(K30),"",ROUND(K30/AZ30,0)) | BB30: =IF(ISBLANK(L30),"",ROUND(L30/AZ30,0)) | BC30: =IF(N30="","",VLOOKUP(N30,'MNB árfolyam'!A:B,2,0)) | BD30: =IF(ISBLANK(P30),"",ROUND(P30/BC30,0)) | BE30: =IF(ISBLANK(Q30),"",ROUND(Q30/BC30,0))
AW31: =IF(D31="","",VLOOKUP(D31,'MNB árfolyam'!A:B,2,0)) | AX31: =IF(ISBLANK(F31),"",ROUND(F31/AW31,0)) | AY31: =IF(ISBLANK(G31),"",ROUND(G31/AW31,0)) | AZ31: =IF(I31="","",VLOOKUP(I31,'MNB árfolyam'!A:B,2,0)) | BA31: =IF(ISBLANK(K31),"",ROUND(K31/AZ31,0)) | BB31: =IF(ISBLANK(L31),"",ROUND(L31/AZ31,0)) | BC31: =IF(N31="","",VLOOKUP(N31,'MNB árfolyam'!A:B,2,0)) | BD31: =IF(ISBLANK(P31),"",ROUND(P31/BC31,0)) | BE31: =IF(ISBLANK(Q31),"",ROUND(Q31/BC31,0))
AW32: =IF(D32="","",VLOOKUP(D32,'MNB árfolyam'!A:B,2,0)) | AX32: =IF(ISBLANK(F32),"",ROUND(F32/AW32,0)) | AY32: =IF(ISBLANK(G32),"",ROUND(G32/AW32,0)) | AZ32: =IF(I32="","",VLOOKUP(I32,'MNB árfolyam'!A:B,2,0)) | BA32: =IF(ISBLANK(K32),"",ROUND(K32/AZ32,0)) | BB32: =IF(ISBLANK(L32),"",ROUND(L32/AZ32,0)) | BC32: =IF(N32="","",VLOOKUP(N32,'MNB árfolyam'!A:B,2,0)) | BD32: =IF(ISBLANK(P32),"",ROUND(P32/BC32,0)) | BE32: =IF(ISBLANK(Q32),"",ROUND(Q32/BC32,0))
AW33: =IF(D33="","",VLOOKUP(D33,'MNB árfolyam'!A:B,2,0)) | AX33: =IF(ISBLANK(F33),"",ROUND(F33/AW33,0)) | AY33: =IF(ISBLANK(G33),"",ROUND(G33/AW33,0)) | AZ33: =IF(I33="","",VLOOKUP(I33,'MNB árfolyam'!A:B,2,0)) | BA33: =IF(ISBLANK(K33),"",ROUND(K33/AZ33,0)) | BB33: =IF(ISBLANK(L33),"",ROUND(L33/AZ33,0)) | BC33: =IF(N33="","",VLOOKUP(N33,'MNB árfolyam'!A:B,2,0)) | BD33: =IF(ISBLANK(P33),"",ROUND(P33/BC33,0)) | BE33: =IF(ISBLANK(Q33),"",ROUND(Q33/BC33,0))
AW34: =IF(D34="","",VLOOKUP(D34,'MNB árfolyam'!A:B,2,0)) | AX34: =IF(ISBLANK(F34),"",ROUND(F34/AW34,0)) | AY34: =IF(ISBLANK(G34),"",ROUND(G34/AW34,0)) | AZ34: =IF(I34="","",VLOOKUP(I34,'MNB árfolyam'!A:B,2,0)) | BA34: =IF(ISBLANK(K34),"",ROUND(K34/AZ34,0)) | BB34: =IF(ISBLANK(L34),"",ROUND(L34/AZ34,0)) | BC34: =IF(N34="","",VLOOKUP(N34,'MNB árfolyam'!A:B,2,0)) | BD34: =IF(ISBLANK(P34),"",ROUND(P34/BC34,0)) | BE34: =IF(ISBLANK(Q34),"",ROUND(Q34/BC34,0))
AW35: =IF(D35="","",VLOOKUP(D35,'MNB árfolyam'!A:B,2,0)) | AX35: =IF(ISBLANK(F35),"",ROUND(F35/AW35,0)) | AY35: =IF(ISBLANK(G35),"",ROUND(G35/AW35,0)) | AZ35: =IF(I35="","",VLOOKUP(I35,'MNB árfolyam'!A:B,2,0)) | BA35: =IF(ISBLANK(K35),"",ROUND(K35/AZ35,0)) | BB35: =IF(ISBLANK(L35),"",ROUND(L35/AZ35,0)) | BC35: =IF(N35="","",VLOOKUP(N35,'MNB árfolyam'!A:B,2,0)) | BD35: =IF(ISBLANK(P35),"",ROUND(P35/BC35,0)) | BE35: =IF(ISBLANK(Q35),"",ROUND(Q35/BC35,0))
AW36: =IF(D36="","",VLOOKUP(D36,'MNB árfolyam'!A:B,2,0)) | AX36: =IF(ISBLANK(F36),"",ROUND(F36/AW36,0)) | AY36: =IF(ISBLANK(G36),"",ROUND(G36/AW36,0)) | AZ36: =IF(I36="","",VLOOKUP(I36,'MNB árfolyam'!A:B,2,0)) | BA36: =IF(ISBLANK(K36),"",ROUND(K36/AZ36,0)) | BB36: =IF(ISBLANK(L36),"",ROUND(L36/AZ36,0)) | BC36: =IF(N36="","",VLOOKUP(N36,'MNB árfolyam'!A:B,2,0)) | BD36: =IF(ISBLANK(P36),"",ROUND(P36/BC36,0)) | BE36: =IF(ISBLANK(Q36),"",ROUND(Q36/BC36,0))
AW37: =IF(D37="","",VLOOKUP(D37,'MNB árfolyam'!A:B,2,0)) | AX37: =IF(ISBLANK(F37),"",ROUND(F37/AW37,0)) | AY37: =IF(ISBLANK(G37),"",ROUND(G37/AW37,0)) | AZ37: =IF(I37="","",VLOOKUP(I37,'MNB árfolyam'!A:B,2,0)) | BA37: =IF(ISBLANK(K37),"",ROUND(K37/AZ37,0)) | BB37: =IF(ISBLANK(L37),"",ROUND(L37/AZ37,0)) | BC37: =IF(N37="","",VLOOKUP(N37,'MNB árfolyam'!A:B,2,0)) | BD37: =IF(ISBLANK(P37),"",ROUND(P37/BC37,0)) | BE37: =IF(ISBLANK(Q37),"",ROUND(Q37/BC37,0))
... AW50: =IF(D50="","",VLOOKUP(D50,'MNB árfolyam'!A:B,2,0)) | AX50: =IF(ISBLANK(F50),"",ROUND(F50/AW50,0)) | AY50: =IF(ISBLANK(G50),"",ROUND(G50/AW50,0)) | AZ50: =IF(I50="","",VLOOKUP(I50,'MNB árfolyam'!A:B,2,0)) | BA50: =IF(ISBLANK(K50),"",ROUND(K50/AZ50,0)) | BB50: =IF(ISBLANK(L50),"",ROUND(L50/AZ50,0)) | BC50: =IF(N50="","",VLOOKUP(N50,'MNB árfolyam'!A:B,2,0)) | BD50: =IF(ISBLANK(P50),"",ROUND(P50/BC50,0)) | BE50: =IF(ISBLANK(Q50),"",ROUND(Q50/BC50,0))
A52: =CONCATENATE("III. BLOKK: ",B8," ","PARTNER VÁLLALKOZÁSAI:") -> III. BLOKK: 0 PARTNER VÁLLALKOZÁSAI:
A53: Meg kell vizsgálni, hogy a pályázó vállalkozás kapcsolódó vállalkozása mely vállalkozásokkal áll PARTNERVÁLLALKOZÁSI kapcsolatban. Tehát mely vállalkozásoknak van 25%-ot elérő, de 50%-ot nem meghaladó befolyása a kapcsolódó vállalkozásban, és a kapcsolódó vállalkozás mely vállalkozásokban rendelkezik ilyen mértékű befolyással. Annyi évre vonatkozóan szükséges adatot szolgáltatni, amennyi lezárt üzleti évvel a pályázó vállalkozás rendelkezik. FONTOS TUDNIVALÓK: Ha a pályázó vállalkozásnak csak egy vagy két lezárt üzleti éve van, az itt feltüntetett vállalkozásoknak is csak azokra az évekre szükséges feltüntetni az adatait. Amennyiben a pályázó vállalkozás rendelkezik 2025. évre szóló beszámolóval (N év adata), ugyanakkor a partner vállalkozásoknak még nem készült el a beszámolója, kérjük az üzleti év kezdete és vége adatokat töltse fel, de más adatokat az N évre vonatkozóan nem szükséges feltüntetni. Amennyiben a partner vállalkozások rendelkeznek 2025. évi beszámolóval, de a pályázó vállalkozás nem, a 2025. évi adatokat nem kell feltüntetni. Amennyiben a vállalkozás esetén beszámoló közzétételi kötelezettség áll fenn, az adatokat a https://e-beszamolo.im.gov.hu/oldal/kezdolap oldalról letölthető beszámolóival összhangban adja meg. Amennyiben beszámoló készítésére nem kötelezett a vállalkozás, akkor az adóbevallásban, illetve a nyilvántartásokban (pl. foglalkoztatottak száma) szerepelnek a releváns adatok, ebben az esetben a mérlegfőösszeg nem értelmezhető, ezért nem szükséges kitölteni. Kérjük, a kitöltésnél ügyeljen arra, hogy az e-beszámoló felületen az adatok ezer vagy millió forintban kerülnek feltüntetésre. Továbbá előfordulhat, hogy a beszámoló forinttól eltérő devizában készült. Kérjük, hogy a táblázatban a pontos összeget rögzítse, forintban megadva! Speciális esetek: Előfordulhat, hogy az alábbiak közül valamelyik üzleti év csak tört évként értelmezhető a partner vállalkozásnál. Ebben az esetben az árbevétel adatot évesíteni szükséges, a létszám adatot és a mérlegfőösszeget - ha az értelmezhető - azonban nem. Évesített árbevétel = (Tört év árbevétele / a beszámolóban szereplő működési napok száma) × az adott év napjainak száma Amennyiben valamely üzleti évre adónem áttérés miatt két beszámoló készült, a következők szerint kell eljárni: az árbevétel adatokat össze kell adni, a két létszám adatból átlagot kell számolni, a mérlegfőösszeg adat esetén pedig az időben frissebb (második) adatot kell feltüntetni. Átlagos létszám = (Első beszámoló létszáma + Második beszámoló létszáma) / 2 N = utolsó lezárt üzleti év, N-1 = utolsó előtti lezárt év, N-2 = utolsó előtti lezárt évet megelőző év.
A54: =IF(PÁLYÁZÓ!D16<>"","A pályázó vállalkozás három üzleti évre adta meg az adatokat, ezért ezen vállalkozások esetében is három évre kérünk adatot, ha a vállalkozások működtek ebben az időtartamban.",IF(PÁLYÁZÓ!D15<>"","A pályázó vállalkozás két üzleti évre adta meg az adatokat, ezért ezen vállalkozások esetén is két évre kérünk adatot, ha a vállalkozások működtek ebben az időtartamban.",IF(PÁLYÁZÓ!D14<>"","A pályázó vállalkozás egy üzleti évre adta meg az adatokat, ezért ezen vállalkozások esetén is egy évre kérünk adatot, ha a vállalkozások működtek ebben az időtartamban.",""))) | G54: =SUM(G56:G80) -> 0 | N54: =SUM(N56:N80) -> 0 | U54: =SUM(U56:U80) -> 0 | BI54: =SUM(BI56:BI80) -> 0 | BJ54: =SUM(BJ56:BJ80) -> 0 | BK54: =SUM(BK56:BK80) -> 0 | BL54: =SUM(BL56:BL80) -> 0 | BM54: =SUM(BM56:BM80) -> 0 | BN54: =SUM(BN56:BN80) -> 0 | BO54: =SUM(BO56:BO80) -> 0 | BP54: =SUM(BP56:BP80) -> 0 | BQ54: =SUM(BQ56:BQ80) -> 0
A55: =CONCATENATE(B8," ","Partnervállalkozásának megnevezése") -> 0 Partnervállalkozásának megnevezése | B55: Partnervállalkozás adószáma | C55: N üzleti év tőkeérdekeltség aránya | D55: N üzleti év szavazati arány | E55: N üzleti év kezdete | F55: N üzleti év vége | G55: N üzleti évben átlagosan foglalkoztatottak száma (fő) | H55: N üzleti év éves nettó árbevétele (Ft) | I55: N üzleti év mérlegfőösszege (Ft) | J55: N-1 üzleti év tőkeérdekeltség aránya | K55: N-1 üzleti év szavazati arány | L55: N-1 üzleti év kezdete | M55: N-1 üzleti év vége | N55: N-1 üzleti évben átlagosan foglalkoztatottak száma (fő) | O55: N-1 üzleti év éves nettó árbevétele (Ft) | P55: N-1 üzleti év mérlegfőösszege (Ft) | Q55: N-2 üzleti év tőkeérdekeltség aránya | R55: N-2 üzleti év szavazati arány | S55: N-2 üzleti év kezdete | T55: N-2 üzleti év vége | U55: N-2 üzleti évben átlagosan foglalkoztatottak száma (fő) | V55: N-2 üzleti év éves nettó árbevétele (Ft) | W55: N-2 üzleti év mérlegfőösszege (Ft) | AW55: N év Alkalmazott arány | AX55: N év Alkalmazott devizaközépárfolyam | AY55: N év Éves nettó árbevétel (euró) | AZ55: N év Mérlegfőösszeg (euró) | BA55: N-1 év Alkalmazott arány | BB55: N-1 év Alkalmazott devizaközépárfolyam | BC55: N-1 év Éves nettó árbevétel (euró) | BD55: N-1 év Mérlegfőösszeg (euró) | BE55: N-2 év Alkalmazott arány | BF55: N-2 év Alkalmazott devizaközépárfolyam | BG55: N-2 év Éves nettó árbevétel (euró) | BH55: N-2 év Mérlegfőösszeg (euró) | BI55: N év Arányosan foglalkoztatottak száma (fő) | BJ55: N év Éves arányosított nettó árbevétel (euró) | BK55: N év Arányosított mérlegfőösszeg (euró) | BL55: N-1 év Arányosan foglalkoztatottak száma (fő) | BM55: N-1 év Éves arányosított nettó árbevétel (euró) | BN55: N-1 év Arányosított mérlegfőösszeg (euró) | BO55: N-2 év Arányosan foglalkoztatottak száma (fő) | BP55: N-2 év Éves arányosított nettó árbevétel (euró) | BQ55: N-2 év Arányosított mérlegfőösszeg (euró)
AW56: =IF(OR(C56="",D56=""),"",MAX(C56,D56)) | AX56: =IF(F56="","",VLOOKUP(F56,'MNB árfolyam'!A:B,2,0)) | AY56: =IF(OR(AX56=0,AX56=""),"",ROUND(H56/AX56,0)) | AZ56: =IF(OR(AX56=0,AX56=""),"",ROUND(I56/AX56,0)) | BA56: =IF(OR(J56="",K56=""),"",MAX(J56,K56)) | BB56: =IF(M56="","",VLOOKUP(M56,'MNB árfolyam'!A:B,2,0)) | BC56: =IF(OR(BB56=0,BB56=""),"",ROUND(O56/BB56,0)) | BD56: =IF(OR(BB56=0,BB56=""),"",ROUND(P56/BB56,0)) | BE56: =IF(OR(Q56="",R56=""),"",MAX(Q56,R56)) | BF56: =IF(T56="","",VLOOKUP(T56,'MNB árfolyam'!A:B,2,0)) | BG56: =IF(OR(BF56=0,BF56=""),"",ROUND(V56/BF56,0)) | BH56: =IF(OR(BF56=0,BF56=""),"",ROUND(W56/BF56,0)) | BI56: =IF(OR(AW56="",G56=""),"",AW56*G56) | BJ56: =IF(OR(AW56="",AY56=""),"",AW56*AY56) | BK56: =IF(OR(AW56="",AZ56=""),"",AW56*AZ56) | BL56: =IF(OR(BA56="",N56=""),"",BA56*N56) | BM56: =IF(OR(BA56="",BC56=""),"",BA56*BC56) | BN56: =IF(OR(BA56="",BD56=""),"",BA56*BD56) | BO56: =IF(OR(BE56="",U56=""),"",BE56*U56) | BP56: =IF(OR(BE56="",BG56=""),"",BE56*BG56) | BQ56: =IF(OR(BE56="",BH56=""),"",BE56*BH56)
AW57: =IF(OR(C57="",D57=""),"",MAX(C57,D57)) | AX57: =IF(F57="","",VLOOKUP(F57,'MNB árfolyam'!A:B,2,0)) | AY57: =IF(OR(AX57=0,AX57=""),"",ROUND(H57/AX57,0)) | AZ57: =IF(OR(AX57=0,AX57=""),"",ROUND(I57/AX57,0)) | BA57: =IF(OR(J57="",K57=""),"",MAX(J57,K57)) | BB57: =IF(M57="","",VLOOKUP(M57,'MNB árfolyam'!A:B,2,0)) | BC57: =IF(OR(BB57=0,BB57=""),"",ROUND(O57/BB57,0)) | BD57: =IF(OR(BB57=0,BB57=""),"",ROUND(P57/BB57,0)) | BE57: =IF(OR(Q57="",R57=""),"",MAX(Q57,R57)) | BF57: =IF(T57="","",VLOOKUP(T57,'MNB árfolyam'!A:B,2,0)) | BG57: =IF(OR(BF57=0,BF57=""),"",ROUND(V57/BF57,0)) | BH57: =IF(OR(BF57=0,BF57=""),"",ROUND(W57/BF57,0)) | BI57: =IF(OR(AW57="",G57=""),"",AW57*G57) | BJ57: =IF(OR(AW57="",AY57=""),"",AW57*AY57) | BK57: =IF(OR(AW57="",AZ57=""),"",AW57*AZ57) | BL57: =IF(OR(BA57="",N57=""),"",BA57*N57) | BM57: =IF(OR(BA57="",BC57=""),"",BA57*BC57) | BN57: =IF(OR(BA57="",BD57=""),"",BA57*BD57) | BO57: =IF(OR(BE57="",U57=""),"",BE57*U57) | BP57: =IF(OR(BE57="",BG57=""),"",BE57*BG57) | BQ57: =IF(OR(BE57="",BH57=""),"",BE57*BH57)
AW58: =IF(OR(C58="",D58=""),"",MAX(C58,D58)) | AX58: =IF(F58="","",VLOOKUP(F58,'MNB árfolyam'!A:B,2,0)) | AY58: =IF(OR(AX58=0,AX58=""),"",ROUND(H58/AX58,0)) | AZ58: =IF(OR(AX58=0,AX58=""),"",ROUND(I58/AX58,0)) | BA58: =IF(OR(J58="",K58=""),"",MAX(J58,K58)) | BB58: =IF(M58="","",VLOOKUP(M58,'MNB árfolyam'!A:B,2,0)) | BC58: =IF(OR(BB58=0,BB58=""),"",ROUND(O58/BB58,0)) | BD58: =IF(OR(BB58=0,BB58=""),"",ROUND(P58/BB58,0)) | BE58: =IF(OR(Q58="",R58=""),"",MAX(Q58,R58)) | BF58: =IF(T58="","",VLOOKUP(T58,'MNB árfolyam'!A:B,2,0)) | BG58: =IF(OR(BF58=0,BF58=""),"",ROUND(V58/BF58,0)) | BH58: =IF(OR(BF58=0,BF58=""),"",ROUND(W58/BF58,0)) | BI58: =IF(OR(AW58="",G58=""),"",AW58*G58) | BJ58: =IF(OR(AW58="",AY58=""),"",AW58*AY58) | BK58: =IF(OR(AW58="",AZ58=""),"",AW58*AZ58) | BL58: =IF(OR(BA58="",N58=""),"",BA58*N58) | BM58: =IF(OR(BA58="",BC58=""),"",BA58*BC58) | BN58: =IF(OR(BA58="",BD58=""),"",BA58*BD58) | BO58: =IF(OR(BE58="",U58=""),"",BE58*U58) | BP58: =IF(OR(BE58="",BG58=""),"",BE58*BG58) | BQ58: =IF(OR(BE58="",BH58=""),"",BE58*BH58)
AW59: =IF(OR(C59="",D59=""),"",MAX(C59,D59)) | AX59: =IF(F59="","",VLOOKUP(F59,'MNB árfolyam'!A:B,2,0)) | AY59: =IF(OR(AX59=0,AX59=""),"",ROUND(H59/AX59,0)) | AZ59: =IF(OR(AX59=0,AX59=""),"",ROUND(I59/AX59,0)) | BA59: =IF(OR(J59="",K59=""),"",MAX(J59,K59)) | BB59: =IF(M59="","",VLOOKUP(M59,'MNB árfolyam'!A:B,2,0)) | BC59: =IF(OR(BB59=0,BB59=""),"",ROUND(O59/BB59,0)) | BD59: =IF(OR(BB59=0,BB59=""),"",ROUND(P59/BB59,0)) | BE59: =IF(OR(Q59="",R59=""),"",MAX(Q59,R59)) | BF59: =IF(T59="","",VLOOKUP(T59,'MNB árfolyam'!A:B,2,0)) | BG59: =IF(OR(BF59=0,BF59=""),"",ROUND(V59/BF59,0)) | BH59: =IF(OR(BF59=0,BF59=""),"",ROUND(W59/BF59,0)) | BI59: =IF(OR(AW59="",G59=""),"",AW59*G59) | BJ59: =IF(OR(AW59="",AY59=""),"",AW59*AY59) | BK59: =IF(OR(AW59="",AZ59=""),"",AW59*AZ59) | BL59: =IF(OR(BA59="",N59=""),"",BA59*N59) | BM59: =IF(OR(BA59="",BC59=""),"",BA59*BC59) | BN59: =IF(OR(BA59="",BD59=""),"",BA59*BD59) | BO59: =IF(OR(BE59="",U59=""),"",BE59*U59) | BP59: =IF(OR(BE59="",BG59=""),"",BE59*BG59) | BQ59: =IF(OR(BE59="",BH59=""),"",BE59*BH59)
AW60: =IF(OR(C60="",D60=""),"",MAX(C60,D60)) | AX60: =IF(F60="","",VLOOKUP(F60,'MNB árfolyam'!A:B,2,0)) | AY60: =IF(OR(AX60=0,AX60=""),"",ROUND(H60/AX60,0)) | AZ60: =IF(OR(AX60=0,AX60=""),"",ROUND(I60/AX60,0)) | BA60: =IF(OR(J60="",K60=""),"",MAX(J60,K60)) | BB60: =IF(M60="","",VLOOKUP(M60,'MNB árfolyam'!A:B,2,0)) | BC60: =IF(OR(BB60=0,BB60=""),"",ROUND(O60/BB60,0)) | BD60: =IF(OR(BB60=0,BB60=""),"",ROUND(P60/BB60,0)) | BE60: =IF(OR(Q60="",R60=""),"",MAX(Q60,R60)) | BF60: =IF(T60="","",VLOOKUP(T60,'MNB árfolyam'!A:B,2,0)) | BG60: =IF(OR(BF60=0,BF60=""),"",ROUND(V60/BF60,0)) | BH60: =IF(OR(BF60=0,BF60=""),"",ROUND(W60/BF60,0)) | BI60: =IF(OR(AW60="",G60=""),"",AW60*G60) | BJ60: =IF(OR(AW60="",AY60=""),"",AW60*AY60) | BK60: =IF(OR(AW60="",AZ60=""),"",AW60*AZ60) | BL60: =IF(OR(BA60="",N60=""),"",BA60*N60) | BM60: =IF(OR(BA60="",BC60=""),"",BA60*BC60) | BN60: =IF(OR(BA60="",BD60=""),"",BA60*BD60) | BO60: =IF(OR(BE60="",U60=""),"",BE60*U60) | BP60: =IF(OR(BE60="",BG60=""),"",BE60*BG60) | BQ60: =IF(OR(BE60="",BH60=""),"",BE60*BH60)
AW61: =IF(OR(C61="",D61=""),"",MAX(C61,D61)) | AX61: =IF(F61="","",VLOOKUP(F61,'MNB árfolyam'!A:B,2,0)) | AY61: =IF(OR(AX61=0,AX61=""),"",ROUND(H61/AX61,0)) | AZ61: =IF(OR(AX61=0,AX61=""),"",ROUND(I61/AX61,0)) | BA61: =IF(OR(J61="",K61=""),"",MAX(J61,K61)) | BB61: =IF(M61="","",VLOOKUP(M61,'MNB árfolyam'!A:B,2,0)) | BC61: =IF(OR(BB61=0,BB61=""),"",ROUND(O61/BB61,0)) | BD61: =IF(OR(BB61=0,BB61=""),"",ROUND(P61/BB61,0)) | BE61: =IF(OR(Q61="",R61=""),"",MAX(Q61,R61)) | BF61: =IF(T61="","",VLOOKUP(T61,'MNB árfolyam'!A:B,2,0)) | BG61: =IF(OR(BF61=0,BF61=""),"",ROUND(V61/BF61,0)) | BH61: =IF(OR(BF61=0,BF61=""),"",ROUND(W61/BF61,0)) | BI61: =IF(OR(AW61="",G61=""),"",AW61*G61) | BJ61: =IF(OR(AW61="",AY61=""),"",AW61*AY61) | BK61: =IF(OR(AW61="",AZ61=""),"",AW61*AZ61) | BL61: =IF(OR(BA61="",N61=""),"",BA61*N61) | BM61: =IF(OR(BA61="",BC61=""),"",BA61*BC61) | BN61: =IF(OR(BA61="",BD61=""),"",BA61*BD61) | BO61: =IF(OR(BE61="",U61=""),"",BE61*U61) | BP61: =IF(OR(BE61="",BG61=""),"",BE61*BG61) | BQ61: =IF(OR(BE61="",BH61=""),"",BE61*BH61)
AW62: =IF(OR(C62="",D62=""),"",MAX(C62,D62)) | AX62: =IF(F62="","",VLOOKUP(F62,'MNB árfolyam'!A:B,2,0)) | AY62: =IF(OR(AX62=0,AX62=""),"",ROUND(H62/AX62,0)) | AZ62: =IF(OR(AX62=0,AX62=""),"",ROUND(I62/AX62,0)) | BA62: =IF(OR(J62="",K62=""),"",MAX(J62,K62)) | BB62: =IF(M62="","",VLOOKUP(M62,'MNB árfolyam'!A:B,2,0)) | BC62: =IF(OR(BB62=0,BB62=""),"",ROUND(O62/BB62,0)) | BD62: =IF(OR(BB62=0,BB62=""),"",ROUND(P62/BB62,0)) | BE62: =IF(OR(Q62="",R62=""),"",MAX(Q62,R62)) | BF62: =IF(T62="","",VLOOKUP(T62,'MNB árfolyam'!A:B,2,0)) | BG62: =IF(OR(BF62=0,BF62=""),"",ROUND(V62/BF62,0)) | BH62: =IF(OR(BF62=0,BF62=""),"",ROUND(W62/BF62,0)) | BI62: =IF(OR(AW62="",G62=""),"",AW62*G62) | BJ62: =IF(OR(AW62="",AY62=""),"",AW62*AY62) | BK62: =IF(OR(AW62="",AZ62=""),"",AW62*AZ62) | BL62: =IF(OR(BA62="",N62=""),"",BA62*N62) | BM62: =IF(OR(BA62="",BC62=""),"",BA62*BC62) | BN62: =IF(OR(BA62="",BD62=""),"",BA62*BD62) | BO62: =IF(OR(BE62="",U62=""),"",BE62*U62) | BP62: =IF(OR(BE62="",BG62=""),"",BE62*BG62) | BQ62: =IF(OR(BE62="",BH62=""),"",BE62*BH62)
AW63: =IF(OR(C63="",D63=""),"",MAX(C63,D63)) | AX63: =IF(F63="","",VLOOKUP(F63,'MNB árfolyam'!A:B,2,0)) | AY63: =IF(OR(AX63=0,AX63=""),"",ROUND(H63/AX63,0)) | AZ63: =IF(OR(AX63=0,AX63=""),"",ROUND(I63/AX63,0)) | BA63: =IF(OR(J63="",K63=""),"",MAX(J63,K63)) | BB63: =IF(M63="","",VLOOKUP(M63,'MNB árfolyam'!A:B,2,0)) | BC63: =IF(OR(BB63=0,BB63=""),"",ROUND(O63/BB63,0)) | BD63: =IF(OR(BB63=0,BB63=""),"",ROUND(P63/BB63,0)) | BE63: =IF(OR(Q63="",R63=""),"",MAX(Q63,R63)) | BF63: =IF(T63="","",VLOOKUP(T63,'MNB árfolyam'!A:B,2,0)) | BG63: =IF(OR(BF63=0,BF63=""),"",ROUND(V63/BF63,0)) | BH63: =IF(OR(BF63=0,BF63=""),"",ROUND(W63/BF63,0)) | BI63: =IF(OR(AW63="",G63=""),"",AW63*G63) | BJ63: =IF(OR(AW63="",AY63=""),"",AW63*AY63) | BK63: =IF(OR(AW63="",AZ63=""),"",AW63*AZ63) | BL63: =IF(OR(BA63="",N63=""),"",BA63*N63) | BM63: =IF(OR(BA63="",BC63=""),"",BA63*BC63) | BN63: =IF(OR(BA63="",BD63=""),"",BA63*BD63) | BO63: =IF(OR(BE63="",U63=""),"",BE63*U63) | BP63: =IF(OR(BE63="",BG63=""),"",BE63*BG63) | BQ63: =IF(OR(BE63="",BH63=""),"",BE63*BH63)
AW64: =IF(OR(C64="",D64=""),"",MAX(C64,D64)) | AX64: =IF(F64="","",VLOOKUP(F64,'MNB árfolyam'!A:B,2,0)) | AY64: =IF(OR(AX64=0,AX64=""),"",ROUND(H64/AX64,0)) | AZ64: =IF(OR(AX64=0,AX64=""),"",ROUND(I64/AX64,0)) | BA64: =IF(OR(J64="",K64=""),"",MAX(J64,K64)) | BB64: =IF(M64="","",VLOOKUP(M64,'MNB árfolyam'!A:B,2,0)) | BC64: =IF(OR(BB64=0,BB64=""),"",ROUND(O64/BB64,0)) | BD64: =IF(OR(BB64=0,BB64=""),"",ROUND(P64/BB64,0)) | BE64: =IF(OR(Q64="",R64=""),"",MAX(Q64,R64)) | BF64: =IF(T64="","",VLOOKUP(T64,'MNB árfolyam'!A:B,2,0)) | BG64: =IF(OR(BF64=0,BF64=""),"",ROUND(V64/BF64,0)) | BH64: =IF(OR(BF64=0,BF64=""),"",ROUND(W64/BF64,0)) | BI64: =IF(OR(AW64="",G64=""),"",AW64*G64) | BJ64: =IF(OR(AW64="",AY64=""),"",AW64*AY64) | BK64: =IF(OR(AW64="",AZ64=""),"",AW64*AZ64) | BL64: =IF(OR(BA64="",N64=""),"",BA64*N64) | BM64: =IF(OR(BA64="",BC64=""),"",BA64*BC64) | BN64: =IF(OR(BA64="",BD64=""),"",BA64*BD64) | BO64: =IF(OR(BE64="",U64=""),"",BE64*U64) | BP64: =IF(OR(BE64="",BG64=""),"",BE64*BG64) | BQ64: =IF(OR(BE64="",BH64=""),"",BE64*BH64)
AW65: =IF(OR(C65="",D65=""),"",MAX(C65,D65)) | AX65: =IF(F65="","",VLOOKUP(F65,'MNB árfolyam'!A:B,2,0)) | AY65: =IF(OR(AX65=0,AX65=""),"",ROUND(H65/AX65,0)) | AZ65: =IF(OR(AX65=0,AX65=""),"",ROUND(I65/AX65,0)) | BA65: =IF(OR(J65="",K65=""),"",MAX(J65,K65)) | BB65: =IF(M65="","",VLOOKUP(M65,'MNB árfolyam'!A:B,2,0)) | BC65: =IF(OR(BB65=0,BB65=""),"",ROUND(O65/BB65,0)) | BD65: =IF(OR(BB65=0,BB65=""),"",ROUND(P65/BB65,0)) | BE65: =IF(OR(Q65="",R65=""),"",MAX(Q65,R65)) | BF65: =IF(T65="","",VLOOKUP(T65,'MNB árfolyam'!A:B,2,0)) | BG65: =IF(OR(BF65=0,BF65=""),"",ROUND(V65/BF65,0)) | BH65: =IF(OR(BF65=0,BF65=""),"",ROUND(W65/BF65,0)) | BI65: =IF(OR(AW65="",G65=""),"",AW65*G65) | BJ65: =IF(OR(AW65="",AY65=""),"",AW65*AY65) | BK65: =IF(OR(AW65="",AZ65=""),"",AW65*AZ65) | BL65: =IF(OR(BA65="",N65=""),"",BA65*N65) | BM65: =IF(OR(BA65="",BC65=""),"",BA65*BC65) | BN65: =IF(OR(BA65="",BD65=""),"",BA65*BD65) | BO65: =IF(OR(BE65="",U65=""),"",BE65*U65) | BP65: =IF(OR(BE65="",BG65=""),"",BE65*BG65) | BQ65: =IF(OR(BE65="",BH65=""),"",BE65*BH65)
AW66: =IF(OR(C66="",D66=""),"",MAX(C66,D66)) | AX66: =IF(F66="","",VLOOKUP(F66,'MNB árfolyam'!A:B,2,0)) | AY66: =IF(OR(AX66=0,AX66=""),"",ROUND(H66/AX66,0)) | AZ66: =IF(OR(AX66=0,AX66=""),"",ROUND(I66/AX66,0)) | BA66: =IF(OR(J66="",K66=""),"",MAX(J66,K66)) | BB66: =IF(M66="","",VLOOKUP(M66,'MNB árfolyam'!A:B,2,0)) | BC66: =IF(OR(BB66=0,BB66=""),"",ROUND(O66/BB66,0)) | BD66: =IF(OR(BB66=0,BB66=""),"",ROUND(P66/BB66,0)) | BE66: =IF(OR(Q66="",R66=""),"",MAX(Q66,R66)) | BF66: =IF(T66="","",VLOOKUP(T66,'MNB árfolyam'!A:B,2,0)) | BG66: =IF(OR(BF66=0,BF66=""),"",ROUND(V66/BF66,0)) | BH66: =IF(OR(BF66=0,BF66=""),"",ROUND(W66/BF66,0)) | BI66: =IF(OR(AW66="",G66=""),"",AW66*G66) | BJ66: =IF(OR(AW66="",AY66=""),"",AW66*AY66) | BK66: =IF(OR(AW66="",AZ66=""),"",AW66*AZ66) | BL66: =IF(OR(BA66="",N66=""),"",BA66*N66) | BM66: =IF(OR(BA66="",BC66=""),"",BA66*BC66) | BN66: =IF(OR(BA66="",BD66=""),"",BA66*BD66) | BO66: =IF(OR(BE66="",U66=""),"",BE66*U66) | BP66: =IF(OR(BE66="",BG66=""),"",BE66*BG66) | BQ66: =IF(OR(BE66="",BH66=""),"",BE66*BH66)
AW67: =IF(OR(C67="",D67=""),"",MAX(C67,D67)) | AX67: =IF(F67="","",VLOOKUP(F67,'MNB árfolyam'!A:B,2,0)) | AY67: =IF(OR(AX67=0,AX67=""),"",ROUND(H67/AX67,0)) | AZ67: =IF(OR(AX67=0,AX67=""),"",ROUND(I67/AX67,0)) | BA67: =IF(OR(J67="",K67=""),"",MAX(J67,K67)) | BB67: =IF(M67="","",VLOOKUP(M67,'MNB árfolyam'!A:B,2,0)) | BC67: =IF(OR(BB67=0,BB67=""),"",ROUND(O67/BB67,0)) | BD67: =IF(OR(BB67=0,BB67=""),"",ROUND(P67/BB67,0)) | BE67: =IF(OR(Q67="",R67=""),"",MAX(Q67,R67)) | BF67: =IF(T67="","",VLOOKUP(T67,'MNB árfolyam'!A:B,2,0)) | BG67: =IF(OR(BF67=0,BF67=""),"",ROUND(V67/BF67,0)) | BH67: =IF(OR(BF67=0,BF67=""),"",ROUND(W67/BF67,0)) | BI67: =IF(OR(AW67="",G67=""),"",AW67*G67) | BJ67: =IF(OR(AW67="",AY67=""),"",AW67*AY67) | BK67: =IF(OR(AW67="",AZ67=""),"",AW67*AZ67) | BL67: =IF(OR(BA67="",N67=""),"",BA67*N67) | BM67: =IF(OR(BA67="",BC67=""),"",BA67*BC67) | BN67: =IF(OR(BA67="",BD67=""),"",BA67*BD67) | BO67: =IF(OR(BE67="",U67=""),"",BE67*U67) | BP67: =IF(OR(BE67="",BG67=""),"",BE67*BG67) | BQ67: =IF(OR(BE67="",BH67=""),"",BE67*BH67)
... AW80: =IF(OR(C80="",D80=""),"",MAX(C80,D80)) | AX80: =IF(F80="","",VLOOKUP(F80,'MNB árfolyam'!A:B,2,0)) | AY80: =IF(OR(AX80=0,AX80=""),"",ROUND(H80/AX80,0)) | AZ80: =IF(OR(AX80=0,AX80=""),"",ROUND(I80/AX80,0)) | BA80: =IF(OR(J80="",K80=""),"",MAX(J80,K80)) | BB80: =IF(M80="","",VLOOKUP(M80,'MNB árfolyam'!A:B,2,0)) | BC80: =IF(OR(BB80=0,BB80=""),"",ROUND(O80/BB80,0)) | BD80: =IF(OR(BB80=0,BB80=""),"",ROUND(P80/BB80,0)) | BE80: =IF(OR(Q80="",R80=""),"",MAX(Q80,R80)) | BF80: =IF(T80="","",VLOOKUP(T80,'MNB árfolyam'!A:B,2,0)) | BG80: =IF(OR(BF80=0,BF80=""),"",ROUND(V80/BF80,0)) | BH80: =IF(OR(BF80=0,BF80=""),"",ROUND(W80/BF80,0)) | BI80: =IF(OR(AW80="",G80=""),"",AW80*G80) | BJ80: =IF(OR(AW80="",AY80=""),"",AW80*AY80) | BK80: =IF(OR(AW80="",AZ80=""),"",AW80*AZ80) | BL80: =IF(OR(BA80="",N80=""),"",BA80*N80) | BM80: =IF(OR(BA80="",BC80=""),"",BA80*BC80) | BN80: =IF(OR(BA80="",BD80=""),"",BA80*BD80) | BO80: =IF(OR(BE80="",U80=""),"",BE80*U80) | BP80: =IF(OR(BE80="",BG80=""),"",BE80*BG80) | BQ80: =IF(OR(BE80="",BH80=""),"",BE80*BH80)

Sheet KAPCSOLÓDÓ PIAC4
A1: Kapcsolódó vállalkozás összesítő (automatikusan töltődik, ezt a blokkot Önnek nem kell töltenie): | F1: VISSZA A PÁLYÁZÓ FÜLRE
B2: Üzleti évben átlagosan foglalkoztatottak száma (fő) | C2: Éves nettó árbevétel (euró) | D2: Mérlegfőösszeg (euró)
A3: N | B3: =D14+E24+BI54 -> 0 | C3: =AX14+AX24+BJ54 -> 0 | D3: =AY14+AY24+BK54 -> 0
A4: N-1 | B4: =D15+J24+BL54 -> 0 | C4: =AX15+BA24+BM54 -> 0 | D4: =AY15+BB24+BN54 -> 0
A5: N-2 | B5: =D16+O24+BO54 -> 0 | C5: =AX16+BD24+BP54 -> 0 | D5: =AY16+BE24+BQ54 -> 0
A7: I. BLOKK: KAPCSOLÓDÓ VÁLLALKOZÁS SAJÁT ADATAI:
A8: Kapcsolódó vállalkozás megnevezése (automatikusan töltődik a PÁLYÁZÓ munkalapról): | B8: =PÁLYÁZÓ!B89 -> 0
A9: Kapcsolódó vállalkozás adószáma (automatikusan töltődik a PÁLYÁZÓ munkalapról): | B9: =PÁLYÁZÓ!C89 -> 0
A11: Kérjük, adja meg ennek a vállalkozásnak a gazdálkodási adatait főszabály szerint az utolsó három lezárt üzleti évre vonatkozóan. FONTOS: Ha a pályázó vállalkozásnak csak egy vagy két lezárt üzleti éve van, ennek a vállalkozásnak is csak azokra az évekre szükséges feltüntetni az adatait. Amennyiben a pályázó vállalkozás rendelkezik 2025. évre szóló beszámolóval (N év adata), ugyanakkor a kapcsolódó vállalkozásnak még nem készült el a beszámolója, kérjük az üzleti év kezdete és vége adatokat töltse fel, de más adatokat az N évre vonatkozóan nem szükséges feltüntetni. Ha a kapcsolódó vállalkozás rendelkezik 2025 évi beszámolóval, de a pályázó vállalkozás még nem, akkor a 2025 évi beszámolót nem kell feltüntetni. Amennyiben a vállalkozás esetén beszámoló közzétételi kötelezettség áll fenn, az adatokat a https://e-beszamolo.im.gov.hu/oldal/kezdolap oldalról letölthető beszámolóival összhangban adja meg. Amennyiben beszámoló készítésére nem kötelezett a vállalkozás, akkor az adóbevallásban, illetve a nyilvántartásokban (pl. foglalkoztatottak száma) szerepelnek a releváns adatok, ebben az esetben a mérlegfőösszeg nem értelmezhető, ezért nem szükséges kitölteni. Kérjük, a kitöltésnél ügyeljen arra, hogy az e-beszámoló felületen az adatok ezer vagy millió forintban kerülnek feltüntetésre. Továbbá előfordulhat, hogy a beszámoló forinttól eltérő devizában készült. Kérjük, hogy a táblázatban a pontos összeget rögzítse, forintban megadva! Speciális esetek: Előfordulhat, hogy az alábbiak közül valamelyik üzleti év csak tört évként értelmezhető a kapcsolódó vállalkozásnál. Ebben az esetben az árbevétel adatot évesíteni szükséges, a létszám adatot és a mérlegfőösszeget - ha az értelmezhető - azonban nem. Évesített árbevétel = (Tört év árbevétele / a beszámolóban szereplő működési napok száma) × az adott év napjainak száma Amennyiben valamely üzleti évre adónem áttérés miatt két beszámoló készült, a következők szerint kell eljárni: az árbevétel adatokat össze kell adni, a két létszám adatból átlagot kell számolni, a mérlegfőösszeg adat esetén pedig az időben frissebb (második) adatot kell feltüntetni. Átlagos létszám = (Első beszámoló létszáma + Második beszámoló létszáma) / 2 N = utolsó lezárt üzleti év, N-1 = utolsó előtti lezárt év, N-2 = utolsó előtti lezárt évet megelőző év.
A12: =IF(PÁLYÁZÓ!D16<>"","A pályázó vállalkozás három üzleti évre adta meg az adatokat, ezért a kapcsolódó vállalkozás esetén is három évre kérünk adatot, ha a vállalkozás működött ebben az időtartamban.",IF(PÁLYÁZÓ!D15<>"","A pályázó vállalkozás két üzleti évre adta meg az adatokat, ezért a kapcsolódó vállalkozás esetén is két évre kérünk adatot, ha a vállalkozás működött ebben az időtartamban.",IF(PÁLYÁZÓ!D14<>"","A pályázó vállalkozás egy üzleti évre adta meg az adatokat, ezért a kapcsolódó vállalkozás esetén is egy évre kérünk adatot, ha a vállalkozás működött ebben az időtartamban.","")))
B13: Üzleti év kezdete | C13: Üzleti év vége | D13: Üzleti évben átlagosan foglalkoztatottak száma (fő) | E13: Éves nettó árbevétel (forint) | F13: Mérlegfőösszeg (Ft) | AW13: Alkalmazott devizaközépárfolyam | AX13: Éves nettó árbevétel (euró) | AY13: Mérlegfőösszeg (euró)
A14: N | AW14: =IF(C14="","",VLOOKUP(C14,'MNB árfolyam'!A:B,2,0)) | AX14: =IFERROR(ROUND(E14/AW14,0),0) -> 0 | AY14: =IFERROR(ROUND(F14/AW14,0),0) -> 0
A15: N-1 | AW15: =IF(C15="","",VLOOKUP(C15,'MNB árfolyam'!A:B,2,0)) | AX15: =IFERROR(ROUND(E15/AW15,0),0) -> 0 | AY15: =IFERROR(ROUND(F15/AW15,0),0) -> 0
A16: N-2 | AW16: =IF(C16="","",VLOOKUP(C16,'MNB árfolyam'!A:B,2,0)) | AX16: =IFERROR(ROUND(E16/AW16,0),0) -> 0 | AY16: =IFERROR(ROUND(F16/AW16,0),0) -> 0
A18: A KKV besorolás megállapításához a törvény alapján figyelembe kell venni a pályázó vállalkozás kapcsolódó vállalkozásának a kapcsolódó és partner vállalkozásait is.Figyelembe vesszük azokat a vállalkozásokat is, akik a pályázó kapcsolódó vállalkozását tulajdonolják, és azokat is, akikre a kapcsolódó vállalkozásnak van befolyása, ezért szerepelnek a nyilak két irányba a 3. ábrán. Az alábbi két külön táblázatba szükséges az adatokat feltüntetni.
A21: =CONCATENATE("II. BLOKK: ",B8," ","KAPCSOLÓDÓ VÁLLALKOZÁSAI:") -> II. BLOKK: 0 KAPCSOLÓDÓ VÁLLALKOZÁSAI:
A22: Az alábbiakban fel kell tüntetni a pályázó vállalkozás természetes személyen keresztüli kapcsolódó vállakozásának (amelyről ez a munkalap szól) a KAPCSOLÓDÓ VÁLLALKOZÁSAIT. Jelen esetben tehát azokat a vállalkozásokat, amelyekben a pályázó vállalkozás kapcsolódó vállalkozása 50%-nál nagyobb befolyással bír. Annyi évre vonatkozóan kell adatot szolgáltatni, amennyi lezárt üzleti évvel a pályázó vállalkozás rendelkezik. FONTOS TUDNIVALÓK: Ha a pályázó vállalkozásnak csak egy vagy két lezárt üzleti éve van, az itt feltüntetett vállalkozásoknak is csak azokra az évekre szükséges feltüntetni az adatait. Amennyiben a pályázó vállalkozás rendelkezik 2025. évre szóló beszámolóval (N év adata), ugyanakkor a kapcsolódó vállalkozásoknak még nem készült el a beszámolója, kérjük az üzleti év kezdete és vége adatokat töltse fel, de más adatokat az N évre vonatkozóan nem szükséges feltüntetni. Ha a kapcsolódó vállalkozás rendelkezik 2025. évi beszámolóval, de a pályázó vállalkozás még nem, a 2025. évi adatokat nem kell feltüntetni. Amennyiben a vállalkozás esetén beszámoló közzétételi kötelezettség áll fenn, az adatokat a https://e-beszamolo.im.gov.hu/oldal/kezdolap oldalról letölthető beszámolóival összhangban adja meg. Amennyiben beszámoló készítésére nem kötelezett a vállalkozás, akkor az adóbevallásban, illetve a nyilvántartásokban (pl. foglalkoztatottak száma) szerepelnek a releváns adatok, ebben az esetben a mérlegfőösszeg nem értelmezhető, ezért nem szükséges kitölteni. Kérjük, a kitöltésnél ügyeljen arra, hogy az e-beszámoló felületen az adatok ezer vagy millió forintban kerülnek feltüntetésre. Továbbá előfordulhat, hogy a beszámoló forinttól eltérő devizában készült. Kérjük, hogy a táblázatban a pontos összeget rögzítse, forintban megadva! Speciális esetek: Előfordulhat, hogy az alábbiak közül valamelyik üzleti év csak tört évként értelmezhető a kapcsolódó vállalkozásnál. Ebben az esetben az árbevétel adatot évesíteni szükséges, a létszám adatot és a mérlegfőösszeget - ha az értelmezhető - azonban nem. Évesített árbevétel = (Tört év árbevétele / a beszámolóban szereplő működési napok száma) × az adott év napjainak száma Amennyiben valamely üzleti évre adónem áttérés miatt két beszámoló készült, a következők szerint kell eljárni: az árbevétel adatokat össze kell adni, a két létszám adatból átlagot kell számolni, a mérlegfőösszeg adat esetén pedig az időben frissebb (második) adatot kell feltüntetni. Átlagos létszám = (Első beszámoló létszáma + Második beszámoló létszáma) / 2 N = utolsó lezárt üzleti év, N-1 = utolsó előtti lezárt év, N-2 = utolsó előtti lezárt évet megelőző év.
A23: =A12
E24: =SUM(E26:E50) -> 0 | J24: =SUM(J26:J50) -> 0 | O24: =SUM(O26:O50) -> 0 | AX24: =SUM(AX26:AX50) -> 0 | AY24: =SUM(AY26:AY50) -> 0 | BA24: =SUM(BA26:BA50) -> 0 | BB24: =SUM(BB26:BB50) -> 0 | BD24: =SUM(BD26:BD50) -> 0 | BE24: =SUM(BE26:BE50) -> 0
A25: =CONCATENATE(B8," ","Kapcsolódó vállalkozásának neve") -> 0 Kapcsolódó vállalkozásának neve | B25: Kapcsolódó vállalkozás adószáma | C25: N üzleti év kezdete | D25: N üzleti év vége | E25: N üzleti évben átlagosan foglalkoztatottak száma (fő) | F25: N üzleti év éves nettó árbevétele (Ft) | G25: N üzleti év mérlegfőösszege (Ft) | H25: N-1 üzleti év kezdete | I25: N-1 üzleti év vége | J25: N-1 üzleti évben átlagosan foglalkoztatottak száma (fő) | K25: N-1 üzleti év éves nettó árbevétele (Ft) | L25: N-1 üzleti év mérlegfőösszege (Ft) | M25: N-2 üzleti év kezdete | N25: N-2 üzleti év vége | O25: N-2 üzleti évben átlagosan foglalkoztatottak száma (fő) | P25: N-2 üzleti év éves nettó árbevétele (Ft) | Q25: N-2 üzleti év mérlegfőösszege (Ft) | AW25: N év Alkalmazott devizaközépárfolyam | AX25: N üzleti év Éves nettó árbevétel (euró) | AY25: N üzleti év Mérlegfőösszeg (euró) | AZ25: N-1 év Alkalmazott devizaközépárfolyam | BA25: N-1év Éves nettó árbevétel (euró) | BB25: N-1 év Mérlegfőösszeg (euró) | BC25: N-2 év Alkalmazott devizaközépárfolyam | BD25: N-2 év Éves nettó árbevétel (euró) | BE25: N-2 év Mérlegfőösszeg (euró)
AW26: =IF(D26="","",VLOOKUP(D26,'MNB árfolyam'!A:B,2,0)) | AX26: =IF(ISBLANK(F26),"",ROUND(F26/AW26,0)) | AY26: =IF(ISBLANK(G26),"",ROUND(G26/AW26,0)) | AZ26: =IF(I26="","",VLOOKUP(I26,'MNB árfolyam'!A:B,2,0)) | BA26: =IF(ISBLANK(K26),"",ROUND(K26/AZ26,0)) | BB26: =IF(ISBLANK(L26),"",ROUND(L26/AZ26,0)) | BC26: =IF(N26="","",VLOOKUP(N26,'MNB árfolyam'!A:B,2,0)) | BD26: =IF(ISBLANK(P26),"",ROUND(P26/BC26,0)) | BE26: =IF(ISBLANK(Q26),"",ROUND(Q26/BC26,0))
AW27: =IF(D27="","",VLOOKUP(D27,'MNB árfolyam'!A:B,2,0)) | AX27: =IF(ISBLANK(F27),"",ROUND(F27/AW27,0)) | AY27: =IF(ISBLANK(G27),"",ROUND(G27/AW27,0)) | AZ27: =IF(I27="","",VLOOKUP(I27,'MNB árfolyam'!A:B,2,0)) | BA27: =IF(ISBLANK(K27),"",ROUND(K27/AZ27,0)) | BB27: =IF(ISBLANK(L27),"",ROUND(L27/AZ27,0)) | BC27: =IF(N27="","",VLOOKUP(N27,'MNB árfolyam'!A:B,2,0)) | BD27: =IF(ISBLANK(P27),"",ROUND(P27/BC27,0)) | BE27: =IF(ISBLANK(Q27),"",ROUND(Q27/BC27,0))
AW28: =IF(D28="","",VLOOKUP(D28,'MNB árfolyam'!A:B,2,0)) | AX28: =IF(ISBLANK(F28),"",ROUND(F28/AW28,0)) | AY28: =IF(ISBLANK(G28),"",ROUND(G28/AW28,0)) | AZ28: =IF(I28="","",VLOOKUP(I28,'MNB árfolyam'!A:B,2,0)) | BA28: =IF(ISBLANK(K28),"",ROUND(K28/AZ28,0)) | BB28: =IF(ISBLANK(L28),"",ROUND(L28/AZ28,0)) | BC28: =IF(N28="","",VLOOKUP(N28,'MNB árfolyam'!A:B,2,0)) | BD28: =IF(ISBLANK(P28),"",ROUND(P28/BC28,0)) | BE28: =IF(ISBLANK(Q28),"",ROUND(Q28/BC28,0))
AW29: =IF(D29="","",VLOOKUP(D29,'MNB árfolyam'!A:B,2,0)) | AX29: =IF(ISBLANK(F29),"",ROUND(F29/AW29,0)) | AY29: =IF(ISBLANK(G29),"",ROUND(G29/AW29,0)) | AZ29: =IF(I29="","",VLOOKUP(I29,'MNB árfolyam'!A:B,2,0)) | BA29: =IF(ISBLANK(K29),"",ROUND(K29/AZ29,0)) | BB29: =IF(ISBLANK(L29),"",ROUND(L29/AZ29,0)) | BC29: =IF(N29="","",VLOOKUP(N29,'MNB árfolyam'!A:B,2,0)) | BD29: =IF(ISBLANK(P29),"",ROUND(P29/BC29,0)) | BE29: =IF(ISBLANK(Q29),"",ROUND(Q29/BC29,0))
AW30: =IF(D30="","",VLOOKUP(D30,'MNB árfolyam'!A:B,2,0)) | AX30: =IF(ISBLANK(F30),"",ROUND(F30/AW30,0)) | AY30: =IF(ISBLANK(G30),"",ROUND(G30/AW30,0)) | AZ30: =IF(I30="","",VLOOKUP(I30,'MNB árfolyam'!A:B,2,0)) | BA30: =IF(ISBLANK(K30),"",ROUND(K30/AZ30,0)) | BB30: =IF(ISBLANK(L30),"",ROUND(L30/AZ30,0)) | BC30: =IF(N30="","",VLOOKUP(N30,'MNB árfolyam'!A:B,2,0)) | BD30: =IF(ISBLANK(P30),"",ROUND(P30/BC30,0)) | BE30: =IF(ISBLANK(Q30),"",ROUND(Q30/BC30,0))
AW31: =IF(D31="","",VLOOKUP(D31,'MNB árfolyam'!A:B,2,0)) | AX31: =IF(ISBLANK(F31),"",ROUND(F31/AW31,0)) | AY31: =IF(ISBLANK(G31),"",ROUND(G31/AW31,0)) | AZ31: =IF(I31="","",VLOOKUP(I31,'MNB árfolyam'!A:B,2,0)) | BA31: =IF(ISBLANK(K31),"",ROUND(K31/AZ31,0)) | BB31: =IF(ISBLANK(L31),"",ROUND(L31/AZ31,0)) | BC31: =IF(N31="","",VLOOKUP(N31,'MNB árfolyam'!A:B,2,0)) | BD31: =IF(ISBLANK(P31),"",ROUND(P31/BC31,0)) | BE31: =IF(ISBLANK(Q31),"",ROUND(Q31/BC31,0))
AW32: =IF(D32="","",VLOOKUP(D32,'MNB árfolyam'!A:B,2,0)) | AX32: =IF(ISBLANK(F32),"",ROUND(F32/AW32,0)) | AY32: =IF(ISBLANK(G32),"",ROUND(G32/AW32,0)) | AZ32: =IF(I32="","",VLOOKUP(I32,'MNB árfolyam'!A:B,2,0)) | BA32: =IF(ISBLANK(K32),"",ROUND(K32/AZ32,0)) | BB32: =IF(ISBLANK(L32),"",ROUND(L32/AZ32,0)) | BC32: =IF(N32="","",VLOOKUP(N32,'MNB árfolyam'!A:B,2,0)) | BD32: =IF(ISBLANK(P32),"",ROUND(P32/BC32,0)) | BE32: =IF(ISBLANK(Q32),"",ROUND(Q32/BC32,0))
AW33: =IF(D33="","",VLOOKUP(D33,'MNB árfolyam'!A:B,2,0)) | AX33: =IF(ISBLANK(F33),"",ROUND(F33/AW33,0)) | AY33: =IF(ISBLANK(G33),"",ROUND(G33/AW33,0)) | AZ33: =IF(I33="","",VLOOKUP(I33,'MNB árfolyam'!A:B,2,0)) | BA33: =IF(ISBLANK(K33),"",ROUND(K33/AZ33,0)) | BB33: =IF(ISBLANK(L33),"",ROUND(L33/AZ33,0)) | BC33: =IF(N33="","",VLOOKUP(N33,'MNB árfolyam'!A:B,2,0)) | BD33: =IF(ISBLANK(P33),"",ROUND(P33/BC33,0)) | BE33: =IF(ISBLANK(Q33),"",ROUND(Q33/BC33,0))
AW34: =IF(D34="","",VLOOKUP(D34,'MNB árfolyam'!A:B,2,0)) | AX34: =IF(ISBLANK(F34),"",ROUND(F34/AW34,0)) | AY34: =IF(ISBLANK(G34),"",ROUND(G34/AW34,0)) | AZ34: =IF(I34="","",VLOOKUP(I34,'MNB árfolyam'!A:B,2,0)) | BA34: =IF(ISBLANK(K34),"",ROUND(K34/AZ34,0)) | BB34: =IF(ISBLANK(L34),"",ROUND(L34/AZ34,0)) | BC34: =IF(N34="","",VLOOKUP(N34,'MNB árfolyam'!A:B,2,0)) | BD34: =IF(ISBLANK(P34),"",ROUND(P34/BC34,0)) | BE34: =IF(ISBLANK(Q34),"",ROUND(Q34/BC34,0))
AW35: =IF(D35="","",VLOOKUP(D35,'MNB árfolyam'!A:B,2,0)) | AX35: =IF(ISBLANK(F35),"",ROUND(F35/AW35,0)) | AY35: =IF(ISBLANK(G35),"",ROUND(G35/AW35,0)) | AZ35: =IF(I35="","",VLOOKUP(I35,'MNB árfolyam'!A:B,2,0)) | BA35: =IF(ISBLANK(K35),"",ROUND(K35/AZ35,0)) | BB35: =IF(ISBLANK(L35),"",ROUND(L35/AZ35,0)) | BC35: =IF(N35="","",VLOOKUP(N35,'MNB árfolyam'!A:B,2,0)) | BD35: =IF(ISBLANK(P35),"",ROUND(P35/BC35,0)) | BE35: =IF(ISBLANK(Q35),"",ROUND(Q35/BC35,0))
AW36: =IF(D36="","",VLOOKUP(D36,'MNB árfolyam'!A:B,2,0)) | AX36: =IF(ISBLANK(F36),"",ROUND(F36/AW36,0)) | AY36: =IF(ISBLANK(G36),"",ROUND(G36/AW36,0)) | AZ36: =IF(I36="","",VLOOKUP(I36,'MNB árfolyam'!A:B,2,0)) | BA36: =IF(ISBLANK(K36),"",ROUND(K36/AZ36,0)) | BB36: =IF(ISBLANK(L36),"",ROUND(L36/AZ36,0)) | BC36: =IF(N36="","",VLOOKUP(N36,'MNB árfolyam'!A:B,2,0)) | BD36: =IF(ISBLANK(P36),"",ROUND(P36/BC36,0)) | BE36: =IF(ISBLANK(Q36),"",ROUND(Q36/BC36,0))
AW37: =IF(D37="","",VLOOKUP(D37,'MNB árfolyam'!A:B,2,0)) | AX37: =IF(ISBLANK(F37),"",ROUND(F37/AW37,0)) | AY37: =IF(ISBLANK(G37),"",ROUND(G37/AW37,0)) | AZ37: =IF(I37="","",VLOOKUP(I37,'MNB árfolyam'!A:B,2,0)) | BA37: =IF(ISBLANK(K37),"",ROUND(K37/AZ37,0)) | BB37: =IF(ISBLANK(L37),"",ROUND(L37/AZ37,0)) | BC37: =IF(N37="","",VLOOKUP(N37,'MNB árfolyam'!A:B,2,0)) | BD37: =IF(ISBLANK(P37),"",ROUND(P37/BC37,0)) | BE37: =IF(ISBLANK(Q37),"",ROUND(Q37/BC37,0))
... AW50: =IF(D50="","",VLOOKUP(D50,'MNB árfolyam'!A:B,2,0)) | AX50: =IF(ISBLANK(F50),"",ROUND(F50/AW50,0)) | AY50: =IF(ISBLANK(G50),"",ROUND(G50/AW50,0)) | AZ50: =IF(I50="","",VLOOKUP(I50,'MNB árfolyam'!A:B,2,0)) | BA50: =IF(ISBLANK(K50),"",ROUND(K50/AZ50,0)) | BB50: =IF(ISBLANK(L50),"",ROUND(L50/AZ50,0)) | BC50: =IF(N50="","",VLOOKUP(N50,'MNB árfolyam'!A:B,2,0)) | BD50: =IF(ISBLANK(P50),"",ROUND(P50/BC50,0)) | BE50: =IF(ISBLANK(Q50),"",ROUND(Q50/BC50,0))
A52: =CONCATENATE("III. BLOKK: ",B8," ","PARTNER VÁLLALKOZÁSAI:") -> III. BLOKK: 0 PARTNER VÁLLALKOZÁSAI:
A53: Meg kell vizsgálni, hogy a pályázó vállalkozás kapcsolódó vállalkozása mely vállalkozásokkal áll PARTNERVÁLLALKOZÁSI kapcsolatban. Tehát mely vállalkozásoknak van 25%-ot elérő, de 50%-ot nem meghaladó befolyása a kapcsolódó vállalkozásban, és a kapcsolódó vállalkozás mely vállalkozásokban rendelkezik ilyen mértékű befolyással. Annyi évre vonatkozóan szükséges adatot szolgáltatni, amennyi lezárt üzleti évvel a pályázó vállalkozás rendelkezik. FONTOS TUDNIVALÓK: Ha a pályázó vállalkozásnak csak egy vagy két lezárt üzleti éve van, az itt feltüntetett vállalkozásoknak is csak azokra az évekre szükséges feltüntetni az adatait. Amennyiben a pályázó vállalkozás rendelkezik 2025. évre szóló beszámolóval (N év adata), ugyanakkor a partner vállalkozásoknak még nem készült el a beszámolója, kérjük az üzleti év kezdete és vége adatokat töltse fel, de más adatokat az N évre vonatkozóan nem szükséges feltüntetni. Amennyiben a partner vállalkozások rendelkeznek 2025. évi beszámolóval, de a pályázó vállalkozás nem, a 2025. évi adatokat nem kell feltüntetni. Amennyiben a vállalkozás esetén beszámoló közzétételi kötelezettség áll fenn, az adatokat a https://e-beszamolo.im.gov.hu/oldal/kezdolap oldalról letölthető beszámolóival összhangban adja meg. Amennyiben beszámoló készítésére nem kötelezett a vállalkozás, akkor az adóbevallásban, illetve a nyilvántartásokban (pl. foglalkoztatottak száma) szerepelnek a releváns adatok, ebben az esetben a mérlegfőösszeg nem értelmezhető, ezért nem szükséges kitölteni. Kérjük, a kitöltésnél ügyeljen arra, hogy az e-beszámoló felületen az adatok ezer vagy millió forintban kerülnek feltüntetésre. Továbbá előfordulhat, hogy a beszámoló forinttól eltérő devizában készült. Kérjük, hogy a táblázatban a pontos összeget rögzítse, forintban megadva! Speciális esetek: Előfordulhat, hogy az alábbiak közül valamelyik üzleti év csak tört évként értelmezhető a partner vállalkozásnál. Ebben az esetben az árbevétel adatot évesíteni szükséges, a létszám adatot és a mérlegfőösszeget - ha az értelmezhető - azonban nem. Évesített árbevétel = (Tört év árbevétele / a beszámolóban szereplő működési napok száma) × az adott év napjainak száma Amennyiben valamely üzleti évre adónem áttérés miatt két beszámoló készült, a következők szerint kell eljárni: az árbevétel adatokat össze kell adni, a két létszám adatból átlagot kell számolni, a mérlegfőösszeg adat esetén pedig az időben frissebb (második) adatot kell feltüntetni. Átlagos létszám = (Első beszámoló létszáma + Második beszámoló létszáma) / 2 N = utolsó lezárt üzleti év, N-1 = utolsó előtti lezárt év, N-2 = utolsó előtti lezárt évet megelőző év.
A54: =IF(PÁLYÁZÓ!D16<>"","A pályázó vállalkozás három üzleti évre adta meg az adatokat, ezért ezen vállalkozások esetében is három évre kérünk adatot, ha a vállalkozások működtek ebben az időtartamban.",IF(PÁLYÁZÓ!D15<>"","A pályázó vállalkozás két üzleti évre adta meg az adatokat, ezért ezen vállalkozások esetén is két évre kérünk adatot, ha a vállalkozások működtek ebben az időtartamban.",IF(PÁLYÁZÓ!D14<>"","A pályázó vállalkozás egy üzleti évre adta meg az adatokat, ezért ezen vállalkozások esetén is egy évre kérünk adatot, ha a vállalkozások működtek ebben az időtartamban.",""))) | G54: =SUM(G56:G80) -> 0 | N54: =SUM(N56:N80) -> 0 | U54: =SUM(U56:U80) -> 0 | BI54: =SUM(BI56:BI80) -> 0 | BJ54: =SUM(BJ56:BJ80) -> 0 | BK54: =SUM(BK56:BK80) -> 0 | BL54: =SUM(BL56:BL80) -> 0 | BM54: =SUM(BM56:BM80) -> 0 | BN54: =SUM(BN56:BN80) -> 0 | BO54: =SUM(BO56:BO80) -> 0 | BP54: =SUM(BP56:BP80) -> 0 | BQ54: =SUM(BQ56:BQ80) -> 0
